window_0,window_1,window_2,predicted_cluster,title,delta_happy,gross,year,rating,mpaa,Sci-Fi,Crime,Romance,Animation,Msic,Comedy,War,Horror,nan,Film-Noir,Msical,Reality-TV,Thriller,Western,Mystery,Short,Talk-Show,Drama,Action,History,Family,Adventre,Docmentary,Fantasy,Sport,Biography
-0.946596236381,0.456547515275,0.573536376331,3.0,10-Things-I-Hate-About-You,0,38176108.0,1999.0,7.2,1.0,0,0,1,0,0,1,0,0,0,0,0,0,0,0,0,0,0,1,0,0,0,0,0,0,0,0
-0.156453575516,1.17845146205,-0.541250622503,0.0,12-and-Holding,1,95687.0,2005.0,7.6,3.0,0,0,0,0,0,0,0,0,0,0,0,0,0,0,0,0,0,1,0,0,0,0,0,0,0,0
-1.71470250437,0.353084882983,-0.119267164525,3.0,12-Years-a-Slave,1,56667870.0,2013.0,8.1,3.0,0,0,0,0,0,0,0,0,0,0,0,0,0,0,0,0,0,1,0,1,0,0,0,0,0,1
-0.769154541982,0.50685621744,1.02504090564,3.0,127-Hours,0,18329466.0,2010.0,7.6,3.0,0,0,0,0,0,0,0,0,0,0,0,0,1,0,0,0,0,1,0,0,0,1,0,0,0,1
-1.01112168586,-0.0383871009734,1.01213472938,3.0,1492-Conquest-of-Paradise,0,7191399.0,1992.0,6.5,1.0,0,0,0,0,0,0,0,0,0,0,0,0,0,0,0,0,0,1,0,1,0,1,0,0,0,1
-0.561029833397,0.945589117828,-0.770507147711,0.0,15-Minutes,0,24375436.0,2001.0,6.1,3.0,0,1,0,0,0,0,0,0,0,0,0,0,1,0,0,0,0,1,1,0,0,0,0,0,0,0
0.231732919514,0.571713929488,-1.0278084362,2.0,17-Again,1,64149837.0,2009.0,6.4,1.0,0,0,0,0,0,1,0,0,0,0,0,0,0,0,0,0,0,1,0,0,1,0,0,1,0,0
-0.436280191134,0.858390787166,0.0608297237205,3.0,187,0,5716080.0,1997.0,6.7,3.0,0,0,0,0,0,0,0,0,0,0,0,0,1,0,0,0,0,1,0,0,0,0,0,0,0,0
-1.16125442689,1.16897594883,-0.481309831156,0.0,2012,1,166112167.0,2009.0,5.8,1.0,1,0,0,0,0,0,0,0,0,0,0,0,0,0,0,0,0,0,1,0,0,1,0,0,0,0
0.226489206975,0.458996240667,0.708185539124,3.0,25th-Hour,0,13060843.0,2002.0,7.7,3.0,0,0,0,0,0,0,0,0,0,0,0,0,0,0,0,0,0,1,0,0,0,0,0,0,0,0
-1.07575715554,1.85029911285,-1.88431549909,0.0,30-Minutes-or-Less,1,37053924.0,2011.0,6.1,3.0,0,1,0,0,0,1,0,0,0,0,0,0,0,0,0,0,0,0,1,0,0,0,0,0,0,0
0.322591091165,-0.301101486942,0.486834809559,3.0,42,0,95001343.0,2013.0,7.5,1.0,0,0,0,0,0,0,0,0,0,0,0,0,0,0,0,0,0,1,0,0,0,0,0,0,1,1
0.632126427435,0.018391432103,-1.23305816501,2.0,50-50,1,229041.0,1992.0,5.8,3.0,0,0,0,0,0,1,0,0,0,0,0,0,0,0,0,0,0,0,1,0,0,1,0,0,0,0
1.10740248476,-2.06361546663,1.69412742709,1.0,500-Days-of-Summer,0,32391374.0,2009.0,7.7,1.0,0,0,1,0,0,1,0,0,0,0,0,0,0,0,0,0,0,1,0,0,0,0,0,0,0,0
-0.259201067548,0.546689655977,-0.704211481553,0.0,8MM,0,36283504.0,1999.0,6.5,3.0,0,0,0,0,0,0,0,0,0,0,0,0,1,0,1,0,0,0,0,0,0,0,0,0,0,0
-0.246690458513,-0.0580218205209,-0.524403462825,3.0,9,1,31743332.0,2009.0,7.1,1.0,1,0,0,1,0,0,0,0,0,0,0,0,1,0,1,0,0,1,1,0,0,1,0,0,0,0
1.14532595202,-0.204087792577,-0.113628111885,2.0,A-Few-Good-Men,1,141340178.0,1992.0,7.6,3.0,0,0,0,0,0,0,0,0,0,0,0,0,1,0,0,0,0,1,0,0,0,0,0,0,0,0
0.304494407182,0.750513950078,-0.274142892889,2.0,A-Serious-Man,0,9190525.0,2009.0,7.0,3.0,0,0,0,0,0,1,0,0,0,0,0,0,0,0,0,0,0,1,0,0,0,0,0,0,0,0
-2.21916929478,1.17844019503,0.14700311795,0.0,Absolute-Power,0,50007168.0,1997.0,6.7,3.0,0,1,0,0,0,0,0,0,0,0,0,0,1,0,0,0,0,1,1,0,0,0,0,0,0,0
0.00321099879142,-0.896873677775,0.780929543839,1.0,"Abyss,-The",0,54222000.0,1989.0,7.6,1.0,1,0,1,0,0,0,0,0,0,0,0,0,1,0,0,0,0,1,0,0,0,1,0,0,0,0
-0.3062889429,-0.316033924859,0.558701151671,3.0,Adaptation,0,22245861.0,2002.0,7.7,3.0,0,0,0,0,0,1,0,0,0,0,0,0,0,0,0,0,0,1,0,0,0,0,0,0,0,0
-0.0232668172649,0.626011603978,-0.228280290679,3.0,"Adjustment-Bureau,-The",1,62453315.0,2011.0,7.1,1.0,1,0,1,0,0,0,0,0,0,0,0,0,1,0,0,0,0,0,0,0,0,0,0,0,0,0
-0.0426721400939,0.0684567674699,-0.128850695274,3.0,Affliction,1,6302154.0,1997.0,7.0,3.0,0,0,0,0,0,0,0,0,0,0,0,0,1,0,1,0,0,1,0,0,0,0,0,0,0,0
-1.39608018837,-0.0389801542533,0.454063615447,3.0,After.Life,1,108229.0,2009.0,5.9,3.0,0,0,0,0,0,0,0,1,0,0,0,0,1,0,1,0,0,1,0,0,0,0,0,0,0,0
0.201144862924,-0.662171423287,0.383262715205,1.0,Ali,0,58183966.0,2001.0,6.8,3.0,0,0,0,0,0,0,0,0,0,0,0,0,0,0,0,0,0,1,0,0,0,0,0,0,1,1
-2.47510830524,1.80803046822,0.589750580335,0.0,Alien-3,1,55473600.0,1992.0,6.4,3.0,1,0,0,0,0,0,0,1,0,0,0,0,0,0,0,0,0,0,1,0,0,0,0,0,0,0
-1.66942172233,-0.0710366192849,0.475710354602,3.0,Alien-Resurrection,1,47748610.0,1997.0,6.3,3.0,1,0,0,0,0,0,0,1,0,0,0,0,0,0,0,0,0,0,1,0,0,0,0,0,0,0
0.410478383113,-0.518290847089,-1.36243729185,2.0,Alien-vs.-Predator,1,80281096.0,2004.0,5.6,1.0,1,0,0,0,0,0,0,1,0,0,0,0,1,0,0,0,0,0,1,0,0,0,0,0,0,0
0.0607542469822,-0.854565036274,0.353373588935,1.0,Alien,1,78900000.0,1979.0,8.5,3.0,1,0,0,0,0,0,0,1,0,0,0,0,0,0,0,0,0,0,0,0,0,0,0,0,0,0
0.96801033428,-0.119014807308,-1.06924588368,2.0,Aliens,1,85200000.0,1986.0,8.4,3.0,1,0,0,0,0,0,0,0,0,0,0,0,1,0,0,0,0,0,1,0,0,1,0,0,0,0
-0.729557105563,1.00937416628,-2.24300073336,0.0,All-the-King's-Men,1,7221458.0,2006.0,6.2,1.0,0,0,0,0,0,0,0,0,0,0,0,0,1,0,0,0,0,1,0,0,0,0,0,0,0,0
-0.352037684789,0.31161129324,-0.0519783909924,3.0,Alone-in-the-Dark,1,5132655.0,2005.0,2.3,3.0,1,0,0,0,0,0,0,1,0,0,0,0,0,0,0,0,0,0,0,0,0,0,0,0,0,0
1.04283493561,-0.8600451851,0.343469860811,1.0,Amadeus,0,51600000.0,1984.0,8.3,3.0,0,0,0,0,1,0,0,0,0,0,0,0,0,0,0,0,0,1,0,1,0,0,0,0,0,1
-0.55266430264,0.13590977431,0.560012700312,3.0,Amelia,1,33201661.0,2001.0,8.4,3.0,0,0,1,0,0,1,0,0,0,0,0,0,0,0,0,0,0,0,0,0,0,0,0,0,0,0
1.0090950394,0.293357953975,-1.33616070784,2.0,American-Beauty,1,130058047.0,1999.0,8.4,3.0,0,0,1,0,0,0,0,0,0,0,0,0,0,0,0,0,0,1,0,0,0,0,0,0,0,0
0.768509699191,0.091179617597,0.384811428405,2.0,American-Gangster,0,130127620.0,2007.0,7.8,3.0,0,1,0,0,0,0,0,0,0,0,0,0,0,0,0,0,0,1,0,0,0,0,0,0,0,1
-0.396667697063,0.508694923421,-0.734274115246,0.0,American-History-X,1,6712241.0,1998.0,8.6,3.0,0,1,0,0,0,0,0,0,0,0,0,0,0,0,0,0,0,1,0,0,0,0,0,0,0,0
-0.195062431589,-0.18561013575,0.114235274469,3.0,American-Hustle,0,150117807.0,2013.0,7.3,3.0,0,1,0,0,0,0,0,0,0,0,0,0,0,0,0,0,0,1,0,0,0,0,0,0,0,0
-0.043280347205,0.601573941365,0.108348675428,3.0,American-Outlaws,0,13264986.0,2001.0,6.0,1.0,0,0,0,0,0,0,0,0,0,0,0,0,0,1,0,0,0,0,1,0,0,0,0,0,0,0
-0.710128358898,2.09426964913,-2.01040375011,0.0,American-Pie,1,101736215.0,1999.0,7.0,3.0,0,0,0,0,0,1,0,0,0,0,0,0,0,0,0,0,0,0,0,0,0,0,0,0,0,0
-0.524664920155,0.0491322613524,0.010514891113,3.0,"American-President,-The",0,65000000.0,1995.0,6.8,1.0,0,0,1,0,0,1,0,0,0,0,0,0,0,0,0,0,0,1,0,0,0,0,0,0,0,0
0.416573015049,-0.596137985704,0.367407280803,1.0,American-Psycho,1,15047419.0,2000.0,7.6,3.0,0,1,0,0,0,0,0,0,0,0,0,0,0,0,0,0,0,1,0,0,0,0,0,0,0,0
2.4250264232,-0.780783029324,-0.411994190637,2.0,American-Splendor,1,6003587.0,2003.0,7.5,3.0,0,0,0,0,0,1,0,0,0,0,0,0,0,0,0,0,0,1,0,0,0,0,0,0,0,1
2.7064077593,-1.72825907948,0.203850640222,1.0,Amour,0,225377.0,2012.0,7.9,1.0,0,0,1,0,0,0,0,0,0,0,0,0,0,0,0,0,0,1,0,0,0,0,0,0,0,0
1.43001581176,-0.685602085845,-1.22391140594,2.0,An-Education,1,12574715.0,2009.0,7.3,1.0,0,0,0,0,0,0,0,0,0,0,0,0,0,0,0,0,0,1,0,0,0,0,0,0,0,0
2.01164548479,-0.127672895756,0.117670855832,2.0,Analyze-Tha,0,32122249.0,2002.0,5.9,3.0,0,1,0,0,0,1,0,0,0,0,0,0,0,0,0,0,0,0,0,0,0,0,0,0,0,0
-0.427651333224,1.49645254639,-0.236574029338,0.0,Analyze-This,0,106694016.0,1999.0,6.7,3.0,0,1,0,0,0,1,0,0,0,0,0,0,0,0,0,0,0,0,0,0,0,0,0,0,0,0
-0.406887754166,-1.04235024919,1.253789848,1.0,Angel-Eyes,0,24044532.0,2001.0,5.6,3.0,0,0,1,0,0,0,0,0,0,0,0,0,0,0,0,0,0,1,0,0,0,0,0,0,0,0
0.309581811163,-0.537183839137,-0.0870285927274,2.0,Angels-&-Demons,1,133375846.0,2009.0,6.7,1.0,0,0,0,0,0,0,0,0,0,0,0,0,1,0,1,0,0,0,0,0,0,0,0,0,0,0
-0.0200234563574,0.192649121546,-0.732787710164,2.0,Anna-Karenina,1,12802907.0,2012.0,6.6,3.0,0,0,1,0,0,0,0,0,0,0,0,0,0,0,0,0,0,1,0,0,0,0,0,0,0,0
0.706818039209,-2.30336231025,3.94739163378,1.0,"Anniversary-Party,-The",0,4013506.0,2001.0,6.3,3.0,0,0,1,0,0,1,0,0,0,0,0,0,0,0,0,0,0,1,0,0,0,0,0,0,0,0
-0.746427530501,-0.337672378708,0.0582065514631,3.0,Antitrus,1,10965209.0,2001.0,6.1,1.0,0,1,0,0,0,0,0,0,0,0,0,0,1,0,0,0,0,1,1,0,0,0,0,0,0,0
-0.0575666163853,0.270097947783,-0.276691463759,3.0,Antz,1,90646554.0,1998.0,6.6,1.0,0,0,0,1,0,1,0,0,0,0,0,0,0,0,0,0,0,0,0,0,1,1,0,0,0,0
0.33719837789,-0.747707842546,0.0930627751259,1.0,Apocalypse-Now,0,78800000.0,1979.0,8.5,3.0,0,0,0,0,0,0,1,0,0,0,0,0,0,0,0,0,0,1,0,0,0,0,0,0,0,0
-1.20867389152,2.23739392252,-2.83520727247,0.0,Apt-Pupi,1,8838938.0,1998.0,6.7,3.0,0,1,0,0,0,0,0,0,0,0,0,0,1,0,0,0,0,1,0,0,0,0,0,0,0,0
-1.20624606833,1.09768133078,-1.62958620171,0.0,Arbitrage,1,7918283.0,2012.0,6.6,3.0,0,0,0,0,0,0,0,0,0,0,0,0,1,0,0,0,0,1,0,0,0,0,0,0,0,0
0.415810944982,0.0269614517411,-0.0386023870383,2.0,Argo,0,136019448.0,2012.0,7.7,3.0,0,0,0,0,0,0,0,0,0,0,0,0,1,0,0,0,0,1,0,1,0,0,0,0,0,1
-0.503332950441,0.701549664962,-1.16598373259,0.0,Armageddon,1,201573391.0,1998.0,6.6,1.0,1,0,0,0,0,0,0,0,0,0,0,0,1,0,0,0,0,0,1,0,0,1,0,0,0,0
-0.570200060484,-0.708159070509,-2.15588804479,2.0,Army-of-Darkness,1,11501093.0,1992.0,7.6,3.0,0,0,0,0,0,1,0,1,0,0,0,0,0,0,0,0,0,0,0,0,0,0,0,1,0,0
-1.09561516999,1.7916124009,-0.228946932736,0.0,"Artist,-The",0,44667095.0,2011.0,7.9,1.0,0,0,1,0,0,1,0,0,0,0,0,0,0,0,0,0,0,1,0,0,0,0,0,0,0,0
-0.037042599793,-1.30991912001,1.40318614219,1.0,As-Good-As-It-Gets,1,147637474.0,1997.0,7.7,1.0,0,0,1,0,0,1,0,0,0,0,0,0,0,0,0,0,0,1,0,0,0,0,0,0,0,0
-0.651859931342,-0.199979878589,1.31262945906,3.0,Assassins,1,30306268.0,1995.0,6.3,3.0,0,1,0,0,0,0,0,0,0,0,0,0,1,0,0,0,0,0,1,0,0,0,0,0,0,0
0.54113024206,0.061204797413,0.727860015525,3.0,August-Osage-County,0,37738400.0,2013.0,7.2,3.0,0,0,0,0,0,0,0,0,0,0,0,0,0,0,0,0,0,1,0,0,0,0,0,0,0,0
-0.631040196292,3.51083465795,-4.2482118534,0.0,Austin-Powers---International-Man-of-Mystery,0,53868030.0,1997.0,7.0,1.0,0,1,0,0,0,1,0,0,0,0,0,0,0,0,0,0,0,0,0,0,0,0,0,0,0,0
4.60451786538,-2.87491997971,1.47144387778,1.0,Austin-Powers---The-Spy-Who-Shagged-Me,0,205399422.0,1999.0,6.6,1.0,0,1,0,0,0,1,0,0,0,0,0,0,0,0,0,0,0,0,1,0,0,1,0,0,0,0
-0.682230361575,-0.850388281755,0.933218667272,3.0,Autumn-in-New-York,0,37752931.0,2000.0,5.5,1.0,0,0,1,0,0,0,0,0,0,0,0,0,0,0,0,0,0,1,0,0,0,0,0,0,0,0
-0.0463728047896,0.556898504022,-0.322660492095,3.0,Avatar,1,760505847.0,2009.0,7.9,1.0,1,0,0,0,0,0,0,0,0,0,0,0,0,0,0,0,0,0,1,0,0,1,0,1,0,0
-0.116815904371,1.24466371259,-1.42720563839,0.0,"Avengers,-The-(2012)",1,623279547.0,2012.0,8.1,1.0,1,0,0,0,0,0,0,0,0,0,0,0,0,0,0,0,0,0,1,0,0,0,0,0,0,0
0.6998115719,-0.596582582243,0.00631816370207,2.0,"Avengers,-The",1,623279547.0,2012.0,8.1,1.0,1,0,0,0,0,0,0,0,0,0,0,0,0,0,0,0,0,0,1,0,0,0,0,0,0,0
-0.480196518761,1.81722278982,-0.33562947754,0.0,"Back-up-Plan,-The",0,37481242.0,2010.0,5.3,1.0,0,0,1,0,0,1,0,0,0,0,0,0,0,0,0,0,0,0,0,0,0,0,0,0,0,0
-0.312397968583,0.476892582864,0.512300202436,3.0,Backdraf,0,77868585.0,1991.0,6.7,3.0,0,1,0,0,0,0,0,0,0,0,0,0,1,0,1,0,0,1,1,0,0,0,0,0,0,0
-0.575456337734,0.932348352006,-1.50106537292,0.0,Bad-Boys,1,65807024.0,1995.0,6.8,3.0,0,1,0,0,0,1,0,0,0,0,0,0,1,0,0,0,0,1,1,0,0,0,0,0,0,0
-0.928838343851,-0.705741445796,-0.00691466804015,3.0,Bad-Lieutenan,1,2000022.0,1992.0,7.1,4.0,0,1,0,0,0,0,0,0,0,0,0,0,1,0,0,0,0,1,0,0,0,0,0,0,0,0
-0.0590921876713,-1.72053273686,0.764994838995,1.0,Bad-Santa,1,17664973.0,2016.0,5.5,3.0,0,1,0,0,0,1,0,0,0,0,0,0,0,0,0,0,0,1,0,0,0,0,0,0,0,0
-0.0338997494212,0.488552799452,-0.468878868033,2.0,Bad-Teacher,0,100292856.0,2011.0,5.7,3.0,0,0,0,0,0,1,0,0,0,0,0,0,0,0,0,0,0,0,0,0,0,0,0,0,0,0
1.11435796433,1.25607740783,-0.890360427244,2.0,Bamboozled,0,2185266.0,2000.0,6.5,3.0,0,0,0,0,1,1,0,0,0,0,0,0,0,0,0,0,0,1,0,0,0,0,0,0,0,0
-0.0991876055083,-1.28130496696,-0.249499708658,1.0,Barton-Fink,1,6153939.0,1991.0,7.7,3.0,0,0,0,0,0,1,0,0,0,0,0,0,1,0,0,0,0,1,0,0,0,0,0,0,0,0
-0.0744765416792,-0.308423094327,0.619629065229,3.0,Basic-Instinc,0,117727224.0,1992.0,6.9,3.0,0,0,0,0,0,0,0,0,0,0,0,0,1,0,1,0,0,1,0,0,0,0,0,0,0,0
0.0289088569167,-1.71300420508,1.35834935347,1.0,Basic,0,26536120.0,2003.0,6.5,3.0,0,1,0,0,0,0,0,0,0,0,0,0,1,0,1,0,0,1,1,0,0,0,0,0,0,0
0.0628035187137,0.709018681474,0.893276593111,3.0,Basquia,0,2961991.0,1996.0,6.9,3.0,0,0,0,0,0,0,0,0,0,0,0,0,0,0,0,0,0,1,0,0,0,0,0,0,0,1
-1.07252243881,-0.0258864813346,-0.0709015187955,3.0,Battle-Los-Angeles,1,83552429.0,2011.0,5.8,1.0,1,0,0,0,0,0,0,0,0,0,0,0,0,0,0,0,0,0,1,0,0,0,0,0,0,0
0.297870158706,-0.453775069206,0.842013444765,1.0,"Battle-of-Shaker-Heights,-The",1,279282.0,2003.0,6.1,1.0,0,0,1,0,0,1,0,0,0,0,0,0,0,0,0,0,0,1,0,0,0,0,0,0,0,0
-0.639003157905,0.474587872722,0.533988752908,3.0,Bean,1,45298656.0,1997.0,6.4,1.0,0,0,0,0,0,1,0,0,0,0,0,0,0,0,0,0,0,0,0,0,1,1,0,0,0,0
-1.67256699526,1.88361986148,-1.47190130429,0.0,Beasts-of-the-Southern-Wild,0,12784397.0,2012.0,7.3,1.0,0,0,0,0,0,0,0,0,0,0,0,0,0,0,0,0,0,1,0,0,0,0,0,1,0,0
-0.840326199464,0.164325244583,-0.863151608105,0.0,Beavis-and-Butt-head-Do-America,1,63071133.0,1996.0,6.8,1.0,0,1,0,1,1,1,0,0,0,0,0,0,0,0,0,0,0,0,0,0,0,1,0,0,0,0
-0.530536675837,-1.80731932907,1.54993215095,1.0,Beginners,0,5776314.0,2010.0,7.2,3.0,0,0,1,0,0,1,0,0,0,0,0,0,0,0,0,0,0,1,0,0,0,0,0,0,0,0
-0.344492181072,-0.565043119006,-0.504689871604,3.0,Being-John-Malkovic,1,22858926.0,1999.0,7.8,3.0,0,0,0,0,0,1,0,0,0,0,0,0,0,0,0,0,0,1,0,0,0,0,0,1,0,0
0.0211008328137,-0.94416921362,0.919178479357,1.0,"Believer,-The",1,406035.0,2001.0,7.2,3.0,0,0,0,0,0,0,0,0,0,0,0,0,0,0,0,0,0,1,0,0,0,0,0,0,0,0
3.03025070418,-1.68377671031,0.238877398301,1.0,Beloved,1,22843047.0,1998.0,5.9,3.0,0,0,0,0,0,0,0,1,0,0,0,0,0,0,0,0,0,1,0,1,0,0,0,0,0,0
1.01243188123,-1.06600173267,1.87629766695,1.0,Benny-&-Joon,1,23202734.0,1993.0,7.2,1.0,0,0,1,0,0,1,0,0,0,0,0,0,0,0,0,0,0,1,0,0,0,0,0,0,0,0
-0.332262801513,2.78295009355,-2.56122410879,0.0,"Best-Exotic-Marigold-Hotel,-The",1,46377022.0,2011.0,7.3,1.0,0,0,0,0,0,1,0,0,0,0,0,0,0,0,0,0,0,1,0,0,0,0,0,0,0,0
-1.08707852458,-0.132258860423,-0.134513311085,3.0,Big-Fis,1,66257002.0,2003.0,8.0,1.0,0,0,0,0,0,0,0,0,0,0,0,0,0,0,0,0,0,1,0,0,0,1,0,1,0,0
-1.43747758935,0.631753789253,-0.0829186212588,3.0,"Big-Lebowski,-The",1,17439163.0,1998.0,8.2,3.0,0,1,0,0,0,1,0,0,0,0,0,0,0,0,1,0,0,0,0,0,0,0,0,0,0,0
0.327988970337,-0.746860654014,0.595870168525,1.0,Birthday-Gir,0,4919896.0,2001.0,6.1,3.0,0,1,0,0,0,1,0,0,0,0,0,0,1,0,0,0,0,0,0,0,0,0,0,0,0,0
-0.496923729814,0.173307545634,-0.651023489676,3.0,"Black-Dahlia,-The",1,22518325.0,2006.0,5.6,3.0,0,1,0,0,0,0,0,0,0,0,0,0,1,0,1,0,0,1,0,0,0,0,0,0,0,0
-2.01270658684,1.26396403157,-1.07355205761,0.0,Black-Snake-Moan,1,9396487.0,2006.0,7.0,3.0,0,0,0,0,1,0,0,0,0,0,0,0,0,0,0,0,0,1,0,0,0,0,0,0,0,0
0.876545847247,-1.75579453415,0.226717579712,1.0,Black-Swan,0,106952327.0,2010.0,8.0,3.0,0,0,0,0,0,0,0,0,0,0,0,0,1,0,0,0,0,1,0,0,0,0,0,0,0,0
1.3106256979,-1.22387733579,1.7356558155,1.0,Blade-Runner,0,27000000.0,1982.0,8.2,3.0,1,0,0,0,0,0,0,0,0,0,0,0,1,0,0,0,0,0,0,0,0,0,0,0,0,0
-0.53943445469,0.351978737947,1.3886177704,3.0,Blade-Trinity,0,52397389.0,2004.0,5.9,3.0,1,0,0,0,0,0,0,1,0,0,0,0,1,0,0,0,0,0,1,0,0,1,0,0,0,0
0.506419727821,0.730041467784,0.527076728854,3.0,Blade,1,70001065.0,1998.0,7.1,3.0,0,0,0,0,0,0,0,1,0,0,0,0,0,0,0,0,0,0,1,0,0,0,0,0,0,0
0.552994482229,0.251530408651,-1.12707517236,2.0,"Blind-Side,-The",1,255950375.0,2009.0,7.7,1.0,0,0,0,0,0,0,0,0,0,0,0,0,0,0,0,0,0,1,0,0,0,0,0,0,1,1
-0.604051559567,1.18085724576,-0.16512315064,0.0,"Bling-Ring,-The",0,5841046.0,2013.0,5.6,3.0,0,1,0,0,0,0,0,0,0,0,0,0,0,0,0,0,0,1,0,0,0,0,0,0,0,1
0.00445437058507,-0.959378182269,0.785931959645,1.0,Blood-and-Wine,0,1075288.0,1996.0,6.1,3.0,0,1,0,0,0,0,0,0,0,0,0,0,1,0,0,0,0,1,0,0,0,0,0,0,0,0
-0.271604013644,-0.0350401648823,0.0994101292346,3.0,Blow,0,52937130.0,2001.0,7.6,3.0,0,1,0,0,0,0,0,0,0,0,0,0,0,0,0,0,0,1,0,0,0,0,0,0,0,1
-0.0449505947271,-0.0418645380997,0.0465474658622,3.0,Blue-Valentine,0,9701559.0,2010.0,7.4,3.0,0,0,1,0,0,0,0,0,0,0,0,0,0,0,0,0,0,1,0,0,0,0,0,0,0,0
0.689665653147,-0.0730052917799,-0.942297964184,2.0,"Bodies,-Rest-&-Motion",1,764083.0,1993.0,5.6,3.0,0,0,0,0,0,0,0,0,0,0,0,0,0,0,0,0,0,1,0,0,0,0,0,0,0,0
0.0311068329518,-0.374215748988,-0.0341327663367,3.0,Body-of-Evidence,1,13275426.0,1993.0,4.3,3.0,0,0,0,0,0,0,0,0,0,0,0,0,1,0,0,0,0,1,0,0,0,0,0,0,0,0
-0.792394557145,0.0873617164886,0.203923959504,3.0,Bodyguard,0,121945720.0,1992.0,6.1,3.0,0,0,1,0,1,0,0,0,0,0,0,0,0,0,0,0,0,1,1,0,0,0,0,0,0,0
1.23116094809,-1.66309134854,-0.0321892074644,1.0,Bonfire-of-the-Vanities,1,15691192.0,1990.0,5.5,3.0,0,0,1,0,0,1,0,0,0,0,0,0,0,0,0,0,0,1,0,0,0,0,0,0,0,0
0.54661663436,0.927816188686,-1.57853530791,2.0,Boogie-Nights,0,26384919.0,1997.0,7.9,3.0,0,0,0,0,0,0,0,0,0,0,0,0,0,0,0,0,0,1,0,0,0,0,0,0,0,0
2.22301650666,0.86483288863,-1.4290063912,2.0,"Book-of-Eli,-The",1,94822707.0,2010.0,6.9,3.0,0,0,0,0,0,0,0,0,0,0,0,0,1,0,0,0,0,1,1,0,0,1,0,0,0,0
0.315445845164,0.1062565148,-0.0673294165962,2.0,Boondock-Saints-2-All-Saints-Day,1,10269307.0,2009.0,6.3,3.0,0,1,0,0,0,0,0,0,0,0,0,0,1,0,0,0,0,0,1,0,0,0,0,0,0,0
-0.618222848728,-0.975380018537,-0.367678356466,3.0,Bound,1,3798532.0,1996.0,7.4,3.0,0,1,1,0,0,0,0,0,0,0,0,0,1,0,0,0,0,0,0,0,0,0,0,0,0,0
-0.675033639317,-0.0875792481569,0.012073847366,3.0,"Bourne-Identity,-The",1,121468960.0,2002.0,7.9,1.0,0,0,0,0,0,0,0,0,0,0,0,0,1,0,1,0,0,0,1,0,0,0,0,0,0,0
-0.414958382205,0.475613564011,-0.538631943526,0.0,"Bourne-Supremacy,-The",1,176049130.0,2004.0,7.8,1.0,0,0,0,0,0,0,0,0,0,0,0,0,1,0,1,0,0,0,1,0,0,0,0,0,0,0
-0.104293493208,1.18326848727,-0.393928863855,0.0,"Bourne-Ultimatum,-The",0,227137090.0,2007.0,8.1,1.0,0,0,0,0,0,0,0,0,0,0,0,0,1,0,1,0,0,0,1,0,0,0,0,0,0,0
1.05514178696,0.0439938402325,-0.100659190166,2.0,"Box,-The",0,15045676.0,2009.0,5.6,1.0,0,0,0,0,0,0,0,0,0,0,0,0,1,0,1,0,0,1,0,0,0,0,0,1,0,0
0.965591469396,-0.327999167392,0.966612132208,1.0,Bravehear,0,75600000.0,1995.0,8.4,3.0,0,0,0,0,0,0,1,0,0,0,0,0,0,0,0,0,0,1,0,1,0,0,0,0,0,1
-0.021373467762,-0.604375486127,0.838455565307,1.0,Breakdown,1,50129186.0,1997.0,6.9,3.0,0,1,0,0,0,0,0,0,0,0,0,0,1,0,1,0,0,1,1,0,0,0,0,0,0,0
0.283305924603,-1.19821411759,0.687892351814,1.0,Brick,1,234903076.0,2013.0,6.3,1.0,0,0,0,0,0,0,0,0,0,0,0,0,0,0,0,0,0,0,0,0,1,1,0,1,0,0
1.39851450168,-1.05065758904,-0.737167868728,2.0,Bridesmaids,1,169076745.0,2011.0,6.8,3.0,0,0,1,0,0,1,0,0,0,0,0,0,0,0,0,0,0,0,0,0,0,0,0,0,0,0
0.120010592535,0.506737381642,0.140700567264,3.0,Bringing-Out-the-Dead,1,16640210.0,1999.0,6.8,3.0,0,0,0,0,0,0,0,0,0,0,0,0,1,0,0,0,0,1,0,0,0,0,0,0,0,0
-0.279225372039,0.373373248421,0.0890929034559,3.0,Broken-Arrow,0,70450000.0,1996.0,6.0,3.0,0,1,0,0,0,0,0,0,0,0,0,0,1,0,0,0,0,0,1,0,0,0,0,0,0,0
0.508140752292,-0.413845429601,-0.914875435592,2.0,Broken-Embraces,1,5009119.0,2009.0,7.2,3.0,0,0,1,0,0,0,0,0,0,0,0,0,1,0,0,0,0,1,0,0,0,0,0,0,0,0
-0.736339517542,-0.255814961132,-0.552669115449,3.0,"Brothers-Bloom,-The",0,3519627.0,2008.0,6.8,1.0,0,0,1,0,0,1,0,0,0,0,0,0,0,0,0,0,0,1,0,0,0,1,0,0,0,0
0.0648381269172,1.28339678456,-2.06009654794,0.0,Bruce-Almighty,1,242589580.0,2003.0,6.7,1.0,0,0,0,0,0,1,0,0,0,0,0,0,0,0,0,0,0,1,0,0,0,0,0,1,0,0
-1.81663818734,1.66062968783,-1.05562742369,0.0,Buried,1,1028658.0,2010.0,7.0,3.0,0,0,0,0,0,0,0,0,0,0,0,0,1,0,1,0,0,1,0,0,0,0,0,0,0,0
0.242279862175,-0.903902875516,0.865510281793,1.0,Burlesque,0,39440655.0,2010.0,6.4,1.0,0,0,1,0,1,0,0,0,0,0,1,0,0,0,0,0,0,1,0,0,0,0,0,0,0,0
-0.15927144254,0.34062145674,-0.751997849938,2.0,Burn-After-Reading,0,60338891.0,2008.0,7.0,3.0,0,0,0,0,0,1,0,0,0,0,0,0,0,0,0,0,0,1,0,0,0,0,0,0,0,0
-0.317003796519,0.586786477041,0.636457345628,3.0,"Butterfly-Effect,-The",0,23947.0,2004.0,7.7,3.0,1,0,0,0,0,0,0,0,0,0,0,0,1,0,0,0,0,0,0,0,0,0,0,0,0,0
0.757710917315,0.729335770793,-0.924711660105,2.0,Cable-Guy,0,60154431.0,1996.0,6.0,1.0,0,0,0,0,0,1,0,0,0,0,0,0,1,0,0,0,0,1,0,0,0,0,0,0,0,0
-0.199616524293,0.887945928307,0.336035343473,3.0,Capote,0,28747570.0,2005.0,7.4,3.0,0,1,0,0,0,0,0,0,0,0,0,0,0,0,0,0,0,1,0,1,0,0,0,0,0,1
0.512584997639,-0.937715462283,0.333217781307,1.0,Case-39,0,13248477.0,2009.0,6.2,3.0,0,0,0,0,0,0,0,1,0,0,0,0,1,0,1,0,0,0,0,0,0,0,0,0,0,0
0.484257534037,-1.57795293648,0.106568082417,1.0,Casino,0,42438300.0,1995.0,8.2,3.0,0,1,0,0,0,0,0,0,0,0,0,0,0,0,0,0,0,1,0,0,0,0,0,0,0,1
0.73142107328,-0.170036667357,0.303422913695,2.0,Catch-Me-If-You-Can,1,164435221.0,2002.0,8.0,1.0,0,1,0,0,0,0,0,0,0,0,0,0,0,0,0,0,0,1,0,0,0,0,0,0,0,1
-1.44456098314,1.31741718214,-0.609665887945,0.0,Catwoman,0,40198710.0,2004.0,3.3,1.0,0,1,0,0,0,0,0,0,0,0,0,0,1,0,0,0,0,0,1,0,0,0,0,1,0,0
-0.552495904441,1.5488896541,-1.08998662788,0.0,Cecil-B.-Demented,1,1276984.0,2000.0,6.2,3.0,0,1,0,0,0,1,0,0,0,0,0,0,1,0,0,0,0,0,0,0,0,0,0,0,0,0
-0.369313588919,-0.855299633782,0.935546864108,1.0,Cedar-Rapids,0,6857503.0,2011.0,6.3,3.0,0,0,0,0,0,1,0,0,0,0,0,0,0,0,0,0,0,0,0,0,0,0,0,0,0,0
1.1267775612,0.0361731700653,-0.113628385395,2.0,Celeste-&-Jesse-Forever,0,3094687.0,2012.0,6.6,3.0,0,0,1,0,0,1,0,0,0,0,0,0,0,0,0,0,0,1,0,0,0,0,0,0,0,0
-0.912765390706,0.179952377564,-1.14857699465,0.0,"Cell,-The",1,61280963.0,2000.0,6.3,3.0,1,0,0,0,0,0,0,1,0,0,0,0,1,0,0,0,0,0,0,0,0,0,0,0,0,0
0.244219717666,0.432139252758,-0.759432103274,2.0,Cellular,0,32003620.0,2004.0,6.5,1.0,0,1,0,0,0,0,0,0,0,0,0,0,1,0,0,0,0,0,1,0,0,0,0,0,0,0
-3.15705869837,2.16950980976,0.122138076851,0.0,"Change-Up,-The",1,37035845.0,2011.0,6.3,3.0,0,0,0,0,0,1,0,0,0,0,0,0,0,0,0,0,0,0,0,0,0,0,0,1,0,0
0.376389683656,-0.940470467369,-0.354460419644,2.0,Changeling,1,35707327.0,2008.0,7.8,3.0,0,1,0,0,0,0,0,0,0,0,0,0,1,0,1,0,0,1,0,0,0,0,0,0,0,1
-1.18876882642,0.387700641447,-0.486374465828,0.0,Charlie's-Angels,0,125305545.0,2000.0,5.5,1.0,0,1,0,0,0,1,0,0,0,0,0,0,1,0,0,0,0,0,1,0,0,1,0,0,0,0
-0.99013416814,0.631857451652,-0.0762429921138,3.0,Chasing-Amy,0,12006514.0,1997.0,7.3,3.0,0,0,1,0,0,1,0,0,0,0,0,0,0,0,0,0,0,1,0,0,0,0,0,0,0,0
-0.721870344509,0.35096130972,-1.0460701546,0.0,Chronicle,1,64572496.0,2012.0,7.1,1.0,1,0,0,0,0,0,0,0,0,0,0,0,1,0,0,0,0,0,0,0,0,0,0,0,0,0
0.751594232153,-0.550458578147,0.914450022495,1.0,"Chronicles-of-Narnia-The-Lion,-the-Witch-and-the-Wardrobe",1,291709845.0,2005.0,6.9,1.0,0,0,0,0,0,0,0,0,0,0,0,0,0,0,0,0,0,0,0,0,1,1,0,1,0,0
0.737922429696,3.90045960503,-1.08242847674,0.0,"Cider-House-Rules,-The",1,57536361.0,1999.0,7.4,1.0,0,0,1,0,0,0,0,0,0,0,0,0,0,0,0,0,0,1,0,0,0,0,0,0,0,0
-0.284880297949,1.0926516195,-0.766640659062,0.0,Cinema-Paradiso,1,11990401.0,1988.0,8.5,3.0,0,0,0,0,0,0,0,0,0,0,0,0,0,0,0,0,0,1,0,0,0,0,0,0,0,0
-0.436772184539,0.617030636522,0.412827188127,3.0,Cirque-du-Freak-The-Vampire's-Assistan,1,13838130.0,2009.0,5.9,1.0,0,0,0,0,0,0,0,0,0,0,0,0,1,0,0,0,0,0,1,0,0,1,0,1,0,0
-0.0492855437539,1.31047127989,-1.34064526622,0.0,City-of-Joy,1,14683921.0,1992.0,6.4,1.0,0,0,0,0,0,0,0,0,0,0,0,0,0,0,0,0,0,1,0,0,0,0,0,0,0,0
1.74824166021,-0.584766242219,-2.04127210726,2.0,Clash-of-the-Titans,1,163192114.0,2010.0,5.8,1.0,0,0,0,0,0,0,0,0,0,0,0,0,0,0,0,0,0,0,1,0,0,1,0,1,0,0
0.0608138335004,1.32247144467,-1.89337250124,0.0,Clerks,1,3151130.0,1994.0,7.8,3.0,0,0,0,0,0,1,0,0,0,0,0,0,0,0,0,0,0,0,0,0,0,0,0,0,0,0
-0.992048451849,1.58828389268,-1.43381426835,0.0,Cliffhanger,1,84049211.0,1993.0,6.4,3.0,0,0,0,0,0,0,0,0,0,0,0,0,1,0,0,0,0,0,1,0,0,1,0,0,0,0
-0.52804272951,0.863919840178,-0.0688990342929,3.0,Cobb,1,1007583.0,1994.0,6.5,3.0,0,0,0,0,0,0,0,0,0,0,0,0,0,0,0,0,0,1,0,0,0,0,0,0,1,1
-0.171869478529,1.24046678136,-1.04492264148,0.0,Cold-Mountain,1,95632614.0,2003.0,7.2,3.0,0,0,1,0,0,0,1,0,0,0,0,0,0,0,0,0,0,1,0,1,0,1,0,0,0,0
-0.537868228102,0.99915774104,-1.51902327021,0.0,Collatera,1,30702001.0,2016.0,6.6,1.0,0,0,1,0,0,0,0,0,0,0,0,0,0,0,0,0,0,1,0,0,0,0,0,0,0,0
0.292167351111,-0.384380071154,0.686150978998,1.0,Collateral-Damage,0,40048332.0,2002.0,5.5,3.0,0,0,0,0,0,0,0,0,0,0,0,0,1,0,0,0,0,1,1,0,0,0,0,0,0,0
-0.262122441734,-0.210370105569,2.06239014075,3.0,Colombiana,0,36665854.0,2011.0,6.4,1.0,0,1,0,0,0,0,0,0,0,0,0,0,1,0,0,0,0,1,1,0,0,0,0,0,0,0
0.768989496809,2.63678993151,-1.53612733438,0.0,Color-of-Nig,1,19721814.0,1994.0,5.1,3.0,0,0,1,0,0,0,0,0,0,0,0,0,1,0,1,0,0,0,0,0,0,0,0,0,0,0
0.316547859944,0.268552927108,0.836574217834,3.0,Conan-the-Barbarian,0,37567440.0,1982.0,5.2,3.0,0,0,0,0,0,0,0,0,0,0,0,0,0,0,0,0,0,0,0,0,0,1,0,1,0,0
1.7376372142,-0.602055481558,0.842084134618,1.0,Confidence,0,12212417.0,2003.0,6.7,3.0,0,1,0,0,0,0,0,0,0,0,0,0,1,0,0,0,0,0,0,0,0,0,0,0,0,0
-0.686754609239,0.668787168144,-0.538400354452,0.0,Constantine,1,75500759.0,2005.0,6.9,3.0,0,0,0,0,0,0,0,1,0,0,0,0,1,0,0,0,0,1,0,0,0,0,0,1,0,0
0.553337108343,1.32616534613,-1.87470315458,0.0,"Cooler,-The",1,8243880.0,2003.0,7.0,3.0,0,1,1,0,0,0,0,0,0,0,0,0,0,0,0,0,0,1,0,0,0,0,0,1,0,0
1.72153439834,0.0866512218251,-1.57482401711,2.0,Coraline,1,75280058.0,2009.0,7.7,1.0,0,0,0,1,0,0,0,0,0,0,0,0,0,0,0,0,0,0,0,0,1,0,0,1,0,0
-2.41061429918,1.83717620397,-0.504946434254,0.0,Coriolanus,0,756452.0,2011.0,6.2,3.0,0,0,0,0,0,0,1,0,0,0,0,0,1,0,0,0,0,1,0,0,0,0,0,0,0,0
-0.755353883851,0.401308790487,-0.00634321855345,3.0,Cowboys-&-Aliens,1,100215116.0,2011.0,6.0,1.0,1,0,0,0,0,0,0,0,0,0,0,0,1,1,0,0,0,0,1,0,0,0,0,0,0,0
-0.25969626104,0.318065356006,0.219148796943,3.0,Cradle-2-the-Grave,1,34604054.0,2003.0,5.8,3.0,0,1,0,0,0,0,0,0,0,0,0,0,1,0,0,0,0,1,1,0,0,0,0,0,0,0
0.521077789617,-0.89022286101,-0.441948328409,2.0,Crank,1,27829874.0,2006.0,7.0,3.0,0,1,0,0,0,0,0,0,0,0,0,0,1,0,0,0,0,0,1,0,0,0,0,0,0,0
1.86297098141,-0.415653857785,-0.0822590450665,2.0,Cras,1,54557348.0,2004.0,7.8,3.0,0,1,0,0,0,0,0,0,0,0,0,0,1,0,0,0,0,1,0,0,0,0,0,0,0,0
-0.0268124946577,0.893878067611,-0.776075786534,0.0,"Crazy,-Stupid,-Love",0,84244877.0,2011.0,7.4,1.0,0,0,1,0,0,1,0,0,0,0,0,0,0,0,0,0,0,1,0,0,0,0,0,0,0,0
1.17030562933,-1.06549363887,-0.751916423419,2.0,Creation,1,340611.0,2009.0,6.7,1.0,0,0,1,0,0,0,0,0,0,0,0,0,0,0,0,0,0,1,0,0,0,0,0,0,0,1
-0.634768946406,0.409841248259,1.38343370692,3.0,"Croods,-The",0,187165546.0,2013.0,7.2,1.0,0,0,0,1,0,1,0,0,0,0,0,0,0,0,0,0,0,0,0,0,1,1,0,1,0,0
-1.82244946904,-0.769761349864,-1.02133757204,3.0,"Crouching-Tiger,-Hidden-Dragon",1,128067808.0,2000.0,7.9,1.0,0,0,1,0,0,0,0,0,0,0,0,0,0,0,0,0,0,0,1,0,0,1,0,1,0,0
-0.768987353664,1.4522208689,0.289979185178,0.0,"Crow,-The",1,50693162.0,1994.0,7.6,3.0,0,0,0,0,0,0,0,0,0,0,0,0,0,0,0,0,0,1,1,0,0,0,0,1,0,0
0.882036085038,-0.223296824902,-1.97554224261,2.0,"Crow-City-of-Angels,-The",1,17883659.0,1996.0,4.5,3.0,0,1,0,0,0,0,0,0,0,0,0,0,1,0,0,0,0,0,1,0,0,0,0,1,0,0
-0.204708205211,-0.327382457393,1.24014045834,3.0,Cruel-Intentions,0,38201895.0,1999.0,6.9,3.0,0,0,1,0,0,0,0,0,0,0,0,0,0,0,0,0,0,1,0,0,0,0,0,0,0,0
2.28476075315,-1.74705861196,-0.689823948465,2.0,Crying-Game,1,62549000.0,1992.0,7.3,3.0,0,1,1,0,0,0,0,0,0,0,0,0,1,0,0,0,0,1,0,0,0,0,0,0,0,0
-0.60703029973,-0.0709421287861,0.518139824763,3.0,"Curious-Case-of-Benjamin-Button,-The",1,127490802.0,2008.0,7.8,1.0,0,0,1,0,0,0,0,0,0,0,0,0,0,0,0,0,0,1,0,0,0,0,0,1,0,0
-0.120344563824,0.152093767229,-0.742854418141,2.0,"Damned-United,-The",1,449558.0,2009.0,7.6,3.0,0,0,0,0,0,0,0,0,0,0,0,0,0,0,0,0,0,1,0,0,0,0,0,0,1,1
-0.173206622512,0.327516093054,0.0388854447642,3.0,Dark-City,1,14337579.0,1998.0,7.7,3.0,1,0,0,0,0,0,0,0,0,0,0,0,1,0,1,0,0,1,1,0,0,0,0,0,0,0
-1.34506457128,0.222203407878,-0.477813602944,3.0,"Dark-Knight-Rises,-The",1,448130642.0,2012.0,8.5,1.0,0,0,0,0,0,0,0,0,0,0,0,0,1,0,0,0,0,0,1,0,0,0,0,0,0,0
-1.37815916453,0.795145808467,-1.20219542292,0.0,Date-Nig,1,98711404.0,2010.0,6.3,1.0,0,1,1,0,0,1,0,0,0,0,0,0,1,0,0,0,0,0,0,0,0,0,0,0,0,0
1.23760123407,0.740079290978,-0.208384904365,2.0,Dawn-of-the-Dead,1,58885635.0,2004.0,7.4,3.0,0,0,0,0,0,0,0,1,0,0,0,0,1,0,0,0,0,0,1,0,0,0,0,0,0,0
0.799080171727,-0.668060010417,0.0777742489469,2.0,"Day-the-Earth-Stood-Still,-The",1,79363785.0,2008.0,5.5,1.0,1,0,0,0,0,0,0,0,0,0,0,0,1,0,0,0,0,1,0,0,0,0,0,0,0,0
0.904985846614,-0.88845236256,-0.267254621185,2.0,Death-at-a-Funera,0,8579684.0,2007.0,7.4,3.0,0,0,0,0,0,1,0,0,0,0,0,0,0,0,0,0,0,0,0,0,0,0,0,0,0,0
-0.0873612145588,-0.564855953397,-0.506692863784,2.0,Death-to-Smoochy,1,8355815.0,2002.0,6.4,3.0,0,1,0,0,0,1,0,0,0,0,0,0,1,0,0,0,0,1,0,0,0,0,0,0,0,0
-0.307754090841,-2.16732956258,0.613243214537,1.0,"Debt,-The",0,31146570.0,2010.0,6.9,3.0,0,0,0,0,0,0,0,0,0,0,0,0,1,0,0,0,0,1,0,0,0,0,0,0,0,0
-0.221972159033,0.64765476616,-1.59280589737,0.0,Deception,0,85433.0,2013.0,7.8,3.0,0,1,1,0,0,0,0,0,0,0,0,0,0,0,1,0,0,1,0,0,0,0,0,0,0,0
-0.825389159665,-1.20125764591,-0.107828926121,3.0,Deep-Rising,1,11146409.0,1998.0,6.0,3.0,1,0,0,0,0,0,0,1,0,0,0,0,0,0,0,0,0,0,1,0,0,1,0,0,0,0
-2.34002588709,0.151261644283,0.922409804742,3.0,"Departed,-The",0,132373442.0,2006.0,8.5,3.0,0,1,0,0,0,0,0,0,0,0,0,0,1,0,0,0,0,1,0,0,0,0,0,0,0,0
-0.974062742681,0.0674796058187,0.720420564944,3.0,Despicable-Me-2,0,251501645.0,2010.0,7.7,1.0,0,0,0,1,0,1,0,0,0,0,0,0,0,0,0,0,0,0,0,0,1,1,0,0,0,0
-0.173644961515,0.834015166849,-0.0847294666745,3.0,Detroit-Rock-City,1,4193025.0,1999.0,6.8,3.0,0,0,0,0,1,1,0,0,0,0,0,0,0,0,0,0,0,0,0,0,0,0,0,0,0,0
-0.268439660458,-0.255805905767,0.0179118717879,3.0,Devil's-Advocate,0,60984028.0,1997.0,7.5,3.0,0,0,0,0,0,0,0,0,0,0,0,0,1,0,1,0,0,1,0,0,0,0,0,0,0,0
0.454272090417,-1.39492994726,1.62698817571,1.0,Devil-in-a-Blue-Dress,0,16030096.0,1995.0,6.7,3.0,0,1,0,0,0,0,0,0,0,0,0,0,1,0,1,0,0,1,0,0,0,0,0,0,0,0
1.19075898721,0.756679711862,-1.49348090777,2.0,"Distinguished-Gentleman,-The",1,46666502.0,1992.0,5.8,3.0,0,1,0,0,0,1,0,0,0,0,0,0,0,0,0,0,0,0,0,0,0,0,0,0,0,0
0.277152356026,-0.250930653611,0.855277935786,1.0,Disturbia,0,80050171.0,2007.0,6.9,1.0,0,0,0,0,0,0,0,0,0,0,0,0,1,0,1,0,0,1,0,0,0,0,0,0,0,0
-0.106745398545,2.21573718658,-1.31426155682,0.0,Django-Unchained,1,162804648.0,2012.0,8.4,3.0,0,0,0,0,0,0,0,0,0,0,0,0,0,1,0,0,0,1,0,0,0,0,0,0,0,0
-1.06417524451,0.285569180485,0.537700911301,3.0,Dogma,0,30651422.0,1999.0,7.4,3.0,0,0,0,0,0,1,0,0,0,0,0,0,0,0,0,0,0,1,0,0,0,1,0,1,0,0
-0.284736579527,-0.247128336089,0.986981719849,3.0,Donnie-Brasco,0,41954997.0,1997.0,7.8,3.0,0,1,0,0,0,0,0,0,0,0,0,0,0,0,0,0,0,1,0,0,0,0,0,0,0,1
-0.981047936389,-0.521961604159,0.545385860727,3.0,"Doors,-The",0,35183792.0,1991.0,7.2,3.0,0,0,0,0,1,0,0,0,0,0,1,0,0,0,0,0,0,1,0,0,0,0,0,0,0,1
-0.579036252354,-1.13298332171,1.16305270323,1.0,Drag-Me-to-He,0,42057340.0,2009.0,6.6,1.0,0,0,0,0,0,1,0,1,0,0,0,0,1,0,0,0,0,0,0,0,0,0,0,0,0,0
1.12862629922,-0.249889331858,0.321923145779,2.0,Drive-Angry,1,10706786.0,2011.0,5.5,3.0,0,0,0,0,0,0,0,0,0,0,0,0,1,0,0,0,0,0,1,0,0,0,0,1,0,0
-0.457587678707,1.27948659774,-1.42896656167,0.0,Drive,1,35054909.0,2011.0,7.8,3.0,0,1,0,0,0,0,0,0,0,0,0,0,0,0,0,0,0,1,0,0,0,0,0,0,0,0
0.647010973993,-0.83318292276,0.276230409511,1.0,Drop-Dead-Gorgeous,1,10561238.0,1999.0,6.5,1.0,0,0,1,0,0,1,0,0,0,0,0,0,1,0,0,0,0,0,0,0,0,0,0,0,0,0
-0.346586265718,1.14210026416,0.979996067042,3.0,Dumb-and-Dumber,1,86208010.0,2014.0,5.7,1.0,0,0,0,0,0,1,0,0,0,0,0,0,0,0,0,0,0,0,0,0,0,0,0,0,0,0
0.803213607011,-0.15527534878,1.27366125571,1.0,E.T,0,434949459.0,1982.0,7.9,1.0,1,0,0,0,0,0,0,0,0,0,0,0,0,0,0,0,0,0,0,0,1,0,0,0,0,0
-0.77887361386,0.422484038307,-0.170079482239,3.0,Eagle-Eye,1,101111837.0,2008.0,6.6,1.0,0,0,0,0,0,0,0,0,0,0,0,0,1,0,1,0,0,0,1,0,0,0,0,0,0,0
0.224773637343,-0.815353547088,0.574559245144,1.0,Eastern-Promises,0,17114882.0,2007.0,7.7,3.0,0,1,0,0,0,0,0,0,0,0,0,0,1,0,1,0,0,0,0,0,0,0,0,0,0,0
0.884001874389,-0.213273663089,-0.0486961750373,2.0,Easy-A,0,58401464.0,2010.0,7.1,1.0,0,0,1,0,0,1,0,0,0,0,0,0,0,0,0,0,0,1,0,0,0,0,0,0,0,0
-0.385120312997,0.27114349795,-0.243700683248,3.0,Ed-TV,1,22362500.0,1999.0,6.1,1.0,0,0,0,0,0,1,0,0,0,0,0,0,0,0,0,0,0,1,0,0,0,0,0,0,0,0
1.06414792668,-0.128648661424,0.200606577019,2.0,Ed-Wood,0,5887457.0,1994.0,7.9,3.0,0,0,0,0,0,1,0,0,0,0,0,0,0,0,0,0,0,1,0,0,0,0,0,0,0,1
-0.673275718701,0.293854445241,-0.439952943145,3.0,Eight-Legged-Freaks,1,17266505.0,2002.0,5.4,1.0,1,0,0,0,0,1,0,1,0,0,0,0,1,0,0,0,0,0,1,0,0,0,0,0,0,0
-1.96994512257,-0.124457628646,2.44527833584,3.0,El-Mariachi,0,2040920.0,1992.0,6.9,3.0,0,0,0,0,0,0,0,0,0,0,0,0,1,0,0,0,0,0,1,0,0,0,0,0,0,0
0.843990365916,0.319302170032,-1.24217806703,2.0,Election,1,14879556.0,1999.0,7.3,3.0,0,0,1,0,0,1,0,0,0,0,0,0,0,0,0,0,0,1,0,0,0,0,0,0,0,0
0.135042632774,-0.69003086579,-0.270513486931,2.0,Elizabeth-The-Golden-Age,1,16264475.0,2007.0,6.9,1.0,0,0,0,0,0,0,1,0,0,0,0,0,0,0,0,0,0,1,0,1,0,0,0,0,0,1
-0.997872050441,0.153878371664,-0.0343288473693,3.0,Enoug,1,17536788.0,2013.0,7.1,1.0,0,0,1,0,0,1,0,0,0,0,0,0,0,0,0,0,0,1,0,0,0,0,0,0,0,0
-0.0376014559515,-0.443744737639,-0.0134724350124,3.0,Entrapmen,1,87704396.0,1999.0,6.2,1.0,0,1,1,0,0,0,0,0,0,0,0,0,1,0,0,0,0,0,1,0,0,0,0,0,0,0
0.0591817677214,-0.650706256198,0.0610750072437,3.0,Erin-Brockovic,1,125548685.0,2000.0,7.3,3.0,0,0,0,0,0,0,0,0,0,0,0,0,0,0,0,0,0,1,0,0,0,0,0,0,0,1
-0.694348670655,1.29336076642,-0.869207620897,0.0,Escape-From-L.A,1,25407250.0,1996.0,5.7,3.0,1,0,0,0,0,0,0,0,0,0,0,0,1,0,0,0,0,0,1,0,0,1,0,0,0,0
0.52787630731,-1.27692365387,0.590164515233,1.0,Eternal-Sunshine-of-the-Spotless-Mind,1,34126138.0,2004.0,8.3,3.0,1,0,1,0,0,0,0,0,0,0,0,0,0,0,0,0,0,1,0,0,0,0,0,1,0,0
0.312517449907,-0.899574564387,0.302460708596,1.0,Even-Cowgirls-Get-the-Blues,1,1710000.0,1993.0,4.3,3.0,0,0,1,0,0,1,0,0,0,0,0,0,0,1,0,0,0,1,0,0,0,0,0,0,0,0
-0.87143015219,0.089791107805,0.0278146913595,3.0,Event-Horizon,0,26616590.0,1997.0,6.7,3.0,1,0,0,0,0,0,0,1,0,0,0,0,1,0,0,0,0,0,0,0,0,0,0,0,0,0
1.10022182364,-0.534578954052,-2.06200658573,2.0,Evil-Dead,1,54239856.0,2013.0,6.5,3.0,0,0,0,0,0,0,0,1,0,0,0,0,0,0,0,0,0,0,0,0,0,0,0,0,0,0
0.553368082199,-1.40856853655,2.64081987162,1.0,eXistenZ,0,2840417.0,1999.0,6.8,3.0,1,0,0,0,0,0,0,1,0,0,0,0,1,0,0,0,0,0,1,0,0,0,0,0,0,0
-0.136035409331,-0.0361174535324,0.286833240463,3.0,Fair-Game,1,9528092.0,2010.0,6.8,1.0,0,0,0,0,0,0,0,0,0,0,0,0,1,0,0,0,0,1,0,0,0,0,0,0,0,1
-0.131854047756,1.04046304418,-0.543071407062,0.0,"Family-Man,-The",1,75764085.0,2000.0,6.7,1.0,0,0,1,0,0,1,0,0,0,0,0,0,0,0,0,0,0,1,0,0,0,0,0,1,0,0
0.592372872575,-0.853978733133,-0.880842631733,2.0,Fantastic-Four,1,56114221.0,2015.0,4.3,1.0,1,0,0,0,0,0,0,0,0,0,0,0,0,0,0,0,0,0,1,0,0,1,0,0,0,0
-1.02883572889,-0.0643531966713,0.935436309341,3.0,Fantastic-Mr-Fox,1,20999103.0,2009.0,7.8,1.0,0,1,0,1,0,1,0,0,0,0,0,0,0,0,0,0,0,0,0,0,1,1,0,0,0,0
-0.0432787942781,-0.144650839138,-0.0767701437916,3.0,Fatal-Instinc,1,7852653.0,1993.0,5.7,1.0,0,1,0,0,0,1,0,0,0,0,0,0,1,0,0,0,0,0,0,0,0,0,0,0,0,0
0.0158323783354,-1.06580031522,0.745102601253,1.0,"Fault-in-Our-Stars,-The",0,124868837.0,2014.0,7.8,1.0,0,0,1,0,0,0,0,0,0,0,0,0,0,0,0,0,0,1,0,0,0,0,0,0,0,0
-0.346989713057,0.0979435711592,-0.500955447351,3.0,Fear-and-Loathing-in-Las-Vegas,1,10562387.0,1998.0,7.7,3.0,0,0,0,0,0,1,0,0,0,0,0,0,0,0,0,0,0,1,0,0,0,1,0,0,0,0
0.329736419827,0.632136537418,1.41390630421,3.0,"Fifth-Element,-The",0,63540020.0,1997.0,7.7,1.0,1,0,0,0,0,0,0,0,0,0,0,0,0,0,0,0,0,0,1,0,0,1,0,0,0,0
0.0340181022221,-0.237135807563,0.544183201618,3.0,Fight-Club,0,37023395.0,1999.0,8.8,3.0,0,0,0,0,0,0,0,0,0,0,0,0,0,0,0,0,0,1,0,0,0,0,0,0,0,0
0.421883479733,0.560427543005,-1.6764060268,2.0,"Fighter,-The",1,93571803.0,2010.0,7.9,3.0,0,0,0,0,0,0,0,0,0,0,0,0,0,0,0,0,0,1,0,0,0,0,0,0,1,1
-0.462603373465,1.82540229009,-0.746711149157,0.0,Final-Destination-2,1,46455802.0,2003.0,6.2,3.0,0,0,0,0,0,0,0,1,0,0,0,0,1,0,0,0,0,0,0,0,0,0,0,0,0,0
-0.96602471816,-0.193311471419,0.915034815337,3.0,Final-Destination,0,53302314.0,2000.0,6.7,3.0,0,0,0,0,0,0,0,1,0,0,0,0,1,0,0,0,0,0,0,0,0,0,0,0,0,0
-0.714497624106,1.74231644492,-0.142927362248,0.0,Flig,1,18564613.0,1986.0,7.3,3.0,1,0,0,0,0,0,0,0,0,0,0,0,0,0,0,0,0,0,0,0,1,1,0,0,0,0
0.832910800879,0.92981819337,-2.0337029734,2.0,"Flintstones,-The",1,130512915.0,1994.0,4.8,1.0,0,0,0,0,0,1,0,0,0,0,0,0,0,0,0,0,0,0,0,0,1,0,0,1,0,0
-0.0194277923195,0.794544903255,-1.1129163133,0.0,Forrest-Gump,1,329691196.0,1994.0,8.8,1.0,0,0,0,0,0,1,0,0,0,0,0,0,0,0,0,0,0,1,0,0,0,0,0,0,0,0
0.713639227968,-1.53208783872,0.689677238202,1.0,Four-Rooms,0,4301331.0,1995.0,6.7,3.0,0,0,0,0,0,1,0,0,0,0,0,0,0,0,0,0,0,0,0,0,0,0,0,0,0,0
0.551088388517,-1.44546654341,0.0516441499741,1.0,Foxcatcher,0,12096300.0,2014.0,7.0,3.0,0,0,0,0,0,0,0,0,0,0,0,0,0,0,0,0,0,1,0,0,0,0,0,0,1,1
1.486495242,-2.98983492211,1.5861316859,1.0,Fracture,0,39004700.0,2007.0,7.2,3.0,0,1,0,0,0,0,0,0,0,0,0,0,1,0,1,0,0,1,0,0,0,0,0,0,0,0
0.216283328662,-1.41832949555,1.59001955124,1.0,Frankenstein,1,5773519.0,2015.0,6.0,1.0,1,0,0,0,0,0,0,1,0,0,0,0,1,0,0,0,0,1,0,0,0,0,0,0,0,0
-0.0744140980212,0.26480703073,0.634392090297,3.0,Freddy-vs.-Jason,1,82163317.0,2003.0,5.8,3.0,0,0,0,0,0,0,0,1,0,0,0,0,1,0,0,0,0,0,1,0,0,0,0,0,0,0
0.368799541277,-1.21261848464,0.267460631494,1.0,Fright-Nig,0,18298649.0,2011.0,6.4,3.0,0,0,0,0,0,1,0,1,0,0,0,0,0,0,0,0,0,0,0,0,0,0,0,0,0,0
-0.0325507776865,0.411546763158,-0.26665296711,3.0,From-Dusk-Till-Dawn,1,25753840.0,1996.0,7.3,3.0,0,1,0,0,0,0,0,1,0,0,0,0,0,0,0,0,0,0,1,0,0,0,0,0,0,0
0.673737779839,0.633904296168,-0.639281833133,2.0,Frozen-River,1,2508841.0,2008.0,7.2,3.0,0,1,0,0,0,0,0,0,0,0,0,0,0,0,0,0,0,1,0,0,0,0,0,0,0,0
-1.36371645257,0.310745715366,-0.726659557411,0.0,Frozen,1,400736600.0,2013.0,7.5,1.0,0,0,0,1,0,1,0,0,0,0,1,0,0,0,0,0,0,0,0,0,1,1,0,1,0,0
-0.96374832043,0.947687284421,-0.170177919919,0.0,Fruitvale-Station,0,16097842.0,2013.0,7.5,3.0,0,0,1,0,0,0,0,0,0,0,0,0,0,0,0,0,0,1,0,0,0,0,0,0,0,1
-0.0553068665108,-0.05143972226,-0.237725989359,3.0,"Fugitive,-The",1,183875760.0,1993.0,7.8,1.0,0,1,0,0,0,0,0,0,0,0,0,0,1,0,1,0,0,1,1,0,0,0,0,0,0,0
-1.70557870771,1.17049689236,0.142887281965,0.0,Funny-People,0,51814190.0,2009.0,6.4,3.0,0,0,0,0,0,1,0,0,0,0,0,0,0,0,0,0,0,1,0,0,0,0,0,0,0,0
-2.06864440234,1.34064676753,-0.126684567852,0.0,G.I.-Jane,0,48154732.0,1997.0,5.9,3.0,0,0,0,0,0,0,1,0,0,0,0,0,0,0,0,0,0,1,1,0,0,0,0,0,0,0
0.673076386702,-0.47659301778,-0.832678439906,2.0,G.I.-Joe-The-Rise-of-Cobra,1,150167630.0,2009.0,5.8,1.0,1,0,0,0,0,0,0,0,0,0,0,0,1,0,0,0,0,0,1,0,0,1,0,0,0,0
-0.12696611255,-0.302321218138,-0.615242450708,2.0,Gamer,1,20488579.0,2009.0,5.8,3.0,1,0,0,0,0,0,0,0,0,0,0,0,1,0,0,0,0,0,1,0,0,0,0,0,0,0
0.509703179361,1.14619407549,-1.81200243931,0.0,Gangs-of-New-York,1,77679638.0,2002.0,7.5,3.0,0,1,0,0,0,0,0,0,0,0,0,0,0,0,0,0,0,1,0,0,0,0,0,0,0,0
-0.122884870676,0.938220229977,0.715561442583,3.0,Garden-State,0,26781723.0,2004.0,7.6,3.0,0,0,1,0,0,1,0,0,0,0,0,0,0,0,0,0,0,1,0,0,0,0,0,0,0,0
-1.0276552566,-1.05752879924,1.3295174925,3.0,Gattaca,0,12339633.0,1997.0,7.8,1.0,1,0,0,0,0,0,0,0,0,0,0,0,1,0,0,0,0,1,0,0,0,0,0,0,0,0
1.36870568433,0.77499204519,-0.266022623748,2.0,Get-Low,0,9176553.0,2009.0,7.1,1.0,0,0,0,0,0,0,0,0,0,0,0,0,0,0,1,0,0,1,0,0,0,0,0,0,0,0
-0.83676771751,0.387591705346,0.640139578353,3.0,"Ghost-and-the-Darkness,-The",0,38553833.0,1996.0,6.8,3.0,0,0,0,0,0,0,0,1,0,0,0,0,1,0,0,0,0,1,0,0,0,1,0,0,0,0
-0.50580017023,0.188203297779,0.692897247054,3.0,Ghost-Rider,0,115802596.0,2007.0,5.2,1.0,0,0,0,0,0,0,0,0,0,0,0,0,1,0,0,0,0,0,1,0,0,0,0,1,0,0
-0.0721318604755,0.375423682866,-1.1408031915,2.0,Ghost-Ship,1,30079316.0,2002.0,5.5,3.0,0,0,0,0,0,0,0,1,0,0,0,0,0,0,0,0,0,0,0,0,0,0,0,0,0,0
0.792825541961,0.965592729135,-0.00187078602876,2.0,Ghost-World,0,6200756.0,2001.0,7.4,3.0,0,0,0,0,0,1,0,0,0,0,0,0,0,0,0,0,0,1,0,0,0,0,0,0,0,0
0.715293524153,-1.12134480878,0.0560513450531,1.0,Ghostbusters-2,1,128344089.0,2016.0,5.4,1.0,1,0,0,0,0,1,0,0,0,0,0,0,0,0,0,0,0,0,1,0,0,0,0,1,0,0
1.54511884269,-2.73531380345,1.82605892349,1.0,Ghostbusters,1,128344089.0,2016.0,5.4,1.0,1,0,0,0,0,1,0,0,0,0,0,0,0,0,0,0,0,0,1,0,0,0,0,1,0,0
1.0157243954,-1.94333141678,0.784862968755,1.0,"Girl-with-the-Dragon-Tattoo,-The",1,102515793.0,2011.0,7.8,3.0,0,1,0,0,0,0,0,0,0,0,0,0,1,0,1,0,0,1,0,0,0,0,0,0,0,0
0.117079696368,1.39921041775,0.0992876580125,0.0,Gladiator,0,187670866.0,2000.0,8.5,3.0,0,0,0,0,0,0,0,0,0,0,0,0,0,0,0,0,0,1,1,0,0,1,0,0,0,0
1.60578446288,-1.29502857575,0.453671526068,1.0,Glengarry-Glen-Gross,1,10725228.0,1992.0,7.8,3.0,0,1,0,0,0,0,0,0,0,0,0,0,0,0,1,0,0,1,0,0,0,0,0,0,0,0
-0.94284534073,1.25495030379,-0.450802331584,0.0,Go,1,16842303.0,1999.0,7.3,3.0,0,1,0,0,0,1,0,0,0,0,0,0,0,0,0,0,0,0,0,0,0,0,0,0,0,0
-0.0644140906315,0.428385990042,-0.0840557789244,3.0,"Godfather-Part-III,-The",0,66676062.0,1990.0,7.6,3.0,0,1,0,0,0,0,0,0,0,0,0,0,0,0,0,0,0,1,0,0,0,0,0,0,0,0
0.552019939003,-0.756293567462,0.696928809598,1.0,Gods-and-Monsters,1,6390032.0,1998.0,7.5,3.0,0,0,0,0,0,0,0,0,0,0,0,0,0,0,0,0,0,1,0,0,0,0,0,0,0,1
-0.585957673579,0.245350156987,0.459018762965,3.0,Godzilla,0,1908028.0,2016.0,6.5,1.0,1,0,0,0,0,0,0,1,0,0,0,0,0,0,0,0,0,1,1,0,0,1,0,0,0,0
0.90455874504,0.0100983468392,1.02213915019,1.0,"Good-Girl,-The",0,14015786.0,2002.0,6.5,3.0,0,0,1,0,0,0,0,0,0,0,0,0,0,0,0,0,0,1,0,0,0,0,0,0,0,0
2.1657984176,-0.15732503721,-0.825229189841,2.0,Good-Will-Hunting,1,138339411.0,1997.0,8.3,3.0,0,0,0,0,0,0,0,0,0,0,0,0,0,0,0,0,0,1,0,0,0,0,0,0,0,0
0.941987239164,-0.855486195909,0.17245845126,1.0,Gothika,1,59588068.0,2003.0,5.8,3.0,0,0,0,0,0,0,0,1,0,0,0,0,1,0,1,0,0,0,0,0,0,0,0,0,0,0
-0.685406544021,1.33185667346,1.03329929721,3.0,Gran-Torino,0,148085755.0,2008.0,8.2,3.0,0,0,0,0,0,0,0,0,0,0,0,0,0,0,0,0,0,1,0,0,0,0,0,0,0,0
-0.200724554122,1.01874763136,0.859819117546,3.0,Gravity,1,274084951.0,2013.0,7.8,1.0,1,0,0,0,0,0,0,0,0,0,0,0,1,0,0,0,0,1,0,0,0,1,0,0,0,0
-0.213127652355,0.964698313652,-1.50905732801,0.0,"Green-Mile,-The",1,136801374.0,1999.0,8.5,3.0,0,1,0,0,0,0,0,0,0,0,0,0,0,0,1,0,0,1,0,0,0,0,0,1,0,0
0.723317581511,0.735277743627,-0.079050095623,2.0,Grosse-Point-Blank,1,28014536.0,1997.0,7.4,3.0,0,1,1,0,0,1,0,0,0,0,0,0,1,0,0,0,0,0,1,0,0,0,0,0,0,0
-2.30957737945,2.79784673453,-0.733041863227,0.0,Groundhog-Day,1,70906973.0,1993.0,8.0,1.0,0,0,1,0,0,1,0,0,0,0,0,0,0,0,0,0,0,0,0,0,0,0,0,1,0,0
-0.22338332421,-0.316538723435,-1.09956166139,2.0,"Grudge,-The",1,110175871.0,2004.0,5.9,1.0,0,0,0,0,0,0,0,1,0,0,0,0,1,0,1,0,0,0,0,0,0,0,0,0,0,0
0.41992159524,-0.699975221868,0.761739392414,1.0,Hackers,0,7564000.0,1995.0,6.2,1.0,0,1,0,0,0,1,0,0,0,0,0,0,1,0,0,0,0,1,0,0,0,0,0,0,0,0
-0.853242158773,0.690931925648,-0.384561636375,0.0,Hall-Pass,0,45045037.0,2011.0,5.9,3.0,0,0,1,0,0,1,0,0,0,0,0,0,0,0,0,0,0,0,0,0,0,0,0,0,0,0
-0.0727049481722,0.192220105741,-0.159330367815,3.0,Hancock,1,227946274.0,2008.0,6.4,1.0,0,1,0,0,0,0,0,0,0,0,0,0,0,0,0,0,0,1,1,0,0,0,0,1,0,0
-1.42194732956,-0.40505342628,1.30021734894,3.0,"Hangover,-The",0,277313371.0,2009.0,7.8,3.0,0,0,0,0,0,1,0,0,0,0,0,0,0,0,0,0,0,0,0,0,0,0,0,0,0,0
-0.613543772528,1.49393734978,-0.253635946272,0.0,Hanna,0,40247512.0,2011.0,6.8,1.0,0,0,0,0,0,0,0,0,0,0,0,0,1,0,0,0,0,1,1,0,0,0,0,0,0,0
-0.31277943662,1.22143924675,-1.45367641568,0.0,Happy-Fee,1,197992827.0,2006.0,6.5,1.0,0,0,1,1,1,1,0,0,0,0,1,0,0,0,0,0,0,0,0,0,1,0,0,0,0,0
-0.919718380975,0.285022833435,0.224249979545,3.0,Hard-Rain,0,19819494.0,1998.0,5.8,3.0,0,1,0,0,0,0,0,0,0,0,0,0,1,0,0,0,0,1,1,0,0,0,0,0,0,0
-1.31315511276,0.299216958678,-0.542475987332,0.0,Harold-and-Kumar-Go-to-White-Castle,1,18225165.0,2004.0,7.1,3.0,0,0,0,0,0,1,0,0,0,0,0,0,0,0,0,0,0,0,0,0,0,1,0,0,0,0
0.91966636605,-1.28758857348,0.326487589998,1.0,He's-Just-Not-That-Into-You,0,93952276.0,2009.0,6.4,1.0,0,0,1,0,0,1,0,0,0,0,0,0,0,0,0,0,0,1,0,0,0,0,0,0,0,0
0.504564947814,0.0558884107742,-0.0641997018029,2.0,Hea,0,36247227.0,2016.0,7.4,3.0,0,1,0,0,0,1,0,0,0,0,0,0,1,0,1,0,0,0,1,0,0,0,0,0,0,0
0.286224056102,-0.264944643785,0.277748594137,3.0,Heavenly-Creatures,1,3049135.0,1994.0,7.4,3.0,0,1,0,0,0,0,0,0,0,0,0,0,1,0,0,0,0,1,0,0,0,0,0,0,0,1
0.389839966629,1.10231201625,0.34667860956,3.0,"Hebrew-Hammer,-The",0,19539.0,2003.0,6.2,3.0,0,0,0,0,0,1,0,0,0,0,0,0,0,0,0,0,0,0,0,0,0,0,0,0,0,0
0.531299200224,0.394628325463,-0.545189097996,2.0,Hellboy-2-The-Golden-Army,1,75754670.0,2008.0,7.0,1.0,1,0,0,0,0,0,0,1,0,0,0,0,0,0,0,0,0,0,1,0,0,1,0,1,0,0
0.658803300973,-0.694351579852,0.986105445902,1.0,Hellboy,0,59035104.0,2004.0,6.8,1.0,1,0,0,0,0,0,0,1,0,0,0,0,0,0,0,0,0,0,1,0,0,0,0,1,0,0
1.89945859087,-0.833237802892,-0.82039705145,2.0,Hellraiser-3-Hell-on-Ear,1,12534961.0,1992.0,5.4,3.0,0,0,0,0,0,0,0,1,0,0,0,0,0,0,0,0,0,0,0,0,0,0,0,0,0,0
-0.325406223012,1.15418395449,-0.922928712996,0.0,"Help,-The",0,169705587.0,2011.0,8.1,1.0,0,0,0,0,0,0,0,0,0,0,0,0,0,0,0,0,0,1,0,0,0,0,0,0,0,0
1.44897737217,-1.16435679595,0.527098049063,1.0,Henry's-Crime,0,101882.0,2010.0,6.0,3.0,0,1,1,0,0,1,0,0,0,0,0,0,0,0,0,0,0,1,0,0,0,0,0,0,0,0
-0.474265051862,-0.599951291018,1.98226347676,1.0,Henry-Foo,0,1334786.0,1997.0,7.3,3.0,0,0,0,0,0,1,0,0,0,0,0,0,0,0,0,0,0,1,0,0,0,0,0,0,0,0
0.331893309969,-0.733705838789,-0.536076291582,2.0,Hesher,0,382946.0,2010.0,7.1,3.0,0,0,0,0,0,1,0,0,0,0,0,0,0,0,0,0,0,1,0,0,0,0,0,0,0,0
0.956888550148,0.299340387937,-1.03320697445,2.0,High-Fidelity,0,27277055.0,2000.0,7.5,3.0,0,0,1,0,1,1,0,0,0,0,0,0,0,0,0,0,0,1,0,0,0,0,0,0,0,0
0.242745794072,0.00580913856615,-0.366260092402,2.0,Highlander,1,5900000.0,1986.0,7.2,3.0,0,0,0,0,0,0,0,0,0,0,0,0,0,0,0,0,0,0,1,0,0,1,0,1,0,0
-0.0312279788118,-0.451919772459,-0.18301459532,3.0,"Hills-Have-Eyes,-The",1,41777564.0,2006.0,6.4,3.0,0,0,0,0,0,0,0,1,0,0,0,0,0,0,0,0,0,0,0,0,0,0,0,0,0,0
0.330449862913,0.256089341539,-0.505152817268,2.0,Hitchcock,0,6002708.0,2012.0,6.8,1.0,0,0,0,0,0,0,0,0,0,0,0,0,0,0,0,0,0,1,0,0,0,0,0,0,0,1
-0.757181856626,-0.116963345034,-0.777653410257,3.0,"Hitchhiker's-Guide-to-the-Galaxy,-The",1,51019112.0,2005.0,6.8,1.0,1,0,0,0,0,1,0,0,0,0,0,0,0,0,0,0,0,0,0,0,0,1,0,0,0,0
-1.14425507247,-0.253404420184,0.129325368941,3.0,Hollow-Man,1,73209340.0,2000.0,5.7,3.0,1,0,0,0,0,0,0,1,0,0,0,0,1,0,0,0,0,0,1,0,0,0,0,0,0,0
0.905679467993,1.49526857973,-1.63015655336,0.0,Honeydripper,1,267880.0,2007.0,6.8,1.0,0,1,0,0,1,0,0,0,0,0,1,0,0,0,0,0,0,1,0,1,0,0,0,0,0,0
-0.830156198185,1.22215612303,-0.411277646438,0.0,Horrible-Bosses,0,54414716.0,2014.0,6.3,3.0,0,1,0,0,0,1,0,0,0,0,0,0,0,0,0,0,0,0,0,0,0,0,0,0,0,0
-0.865484389852,0.513928461294,1.11177118503,3.0,"Horse-Whisperer,-The",0,75370763.0,1998.0,6.6,1.0,0,0,1,0,0,0,0,0,0,0,0,0,0,1,0,0,0,1,0,0,0,0,0,0,0,0
0.517929122751,0.0968790459033,-0.232065802918,2.0,Hostage,0,34636443.0,2005.0,6.6,3.0,0,1,0,0,0,0,0,0,0,0,0,0,1,0,1,0,0,1,1,0,0,0,0,0,0,0
0.626611081832,-1.98352578049,1.51437704746,1.0,Hot-Tub-Time-Machine,0,50213619.0,2010.0,6.4,3.0,1,0,0,0,0,1,0,0,0,0,0,0,0,0,0,0,0,0,0,0,0,0,0,0,0,0
-1.18430604961,-0.437258631341,0.226422723499,3.0,Hotel-Rwanda,1,23472900.0,2004.0,8.1,1.0,0,0,0,0,0,0,1,0,0,0,0,0,0,0,0,0,0,1,0,1,0,0,0,0,0,1
-0.952642093247,0.842712814126,-1.99761839959,0.0,House-of-1000-Corpses,1,12583510.0,2003.0,6.0,3.0,0,0,0,0,0,0,0,1,0,0,0,0,0,0,0,0,0,0,0,0,0,0,0,0,0,0
-0.131519038498,0.678512870545,-0.607516401968,0.0,How-to-Lose-Friends-&-Alienate-People,0,2775593.0,2008.0,6.5,3.0,0,0,1,0,0,1,0,0,0,0,0,0,0,0,0,0,0,1,0,0,0,0,0,0,0,1
-1.78773307674,0.926349284999,0.975668489767,3.0,How-to-Train-Your-Dragon-2,0,176997107.0,2014.0,7.9,1.0,0,0,0,1,0,1,0,0,0,0,0,0,0,0,0,0,0,0,1,0,1,1,0,1,0,0
-0.986035748412,1.39005371671,-0.222947127691,0.0,How-to-Train-Your-Dragon,0,217387997.0,2010.0,8.2,1.0,0,0,0,1,0,1,0,0,0,0,0,0,0,0,0,0,0,0,1,0,1,1,0,1,0,0
-1.09410367507,-0.817477937085,2.03729188817,3.0,Hudson-Hawk,0,17218080.0,1991.0,5.7,3.0,0,0,0,0,0,1,0,0,0,0,0,0,0,0,0,0,0,0,1,0,0,1,0,0,0,0
-0.303121918958,-0.270010730118,1.63698859181,3.0,"Hudsucker-Proxy,-The",0,2869369.0,1994.0,7.3,1.0,0,0,0,0,0,1,0,0,0,0,0,0,0,0,0,0,0,1,0,0,0,0,0,1,0,0
3.85664931305,-1.86084281192,1.34945368164,1.0,Human-Nature,0,695876.0,2001.0,6.4,3.0,0,0,0,0,0,1,0,0,0,0,0,0,0,0,1,0,0,1,0,0,0,0,0,0,0,0
1.50736359486,-0.650298258507,1.17124158623,1.0,I'll-Do-Anything,0,10209111.0,1994.0,5.6,1.0,0,0,0,0,0,1,0,0,0,0,0,0,0,0,0,0,0,1,0,0,0,0,0,0,0,0
0.70261520707,-0.456917602952,-0.448752867685,2.0,I-Am-Number-Four,1,55092830.0,2011.0,6.1,1.0,1,0,0,0,0,0,0,0,0,0,0,0,1,0,0,0,0,0,1,0,0,1,0,0,0,0
0.196230252991,-0.981151076732,1.45747259228,1.0,I-am-Sa,0,40270895.0,2001.0,7.6,1.0,0,0,0,0,0,0,0,0,0,0,0,0,0,0,0,0,0,1,0,0,0,0,0,0,0,0
-1.69918330749,0.801773879776,0.41170622483,3.0,I-Love-You-Phillip-Morris,0,2035566.0,2009.0,6.6,3.0,0,1,1,0,0,1,0,0,0,0,0,0,0,0,0,0,0,1,0,0,0,0,0,0,0,1
0.638237675031,-2.44686195268,1.92329872811,1.0,I-Spit-on-Your-Grave,0,92401.0,2010.0,6.3,3.0,0,0,0,0,0,0,0,1,0,0,0,0,1,0,0,0,0,0,0,0,0,0,0,0,0,0
-0.915720150515,0.435064595608,-1.33375129188,0.0,I-Still-Know-What-You-Did-Last-Summer,1,39989008.0,1998.0,4.6,3.0,0,0,0,0,0,0,0,1,0,0,0,0,0,0,1,0,0,0,0,0,0,0,0,0,0,0
0.413461145553,-1.29257062039,1.64459740259,1.0,"Ice-Storm,-The",0,7837632.0,1997.0,7.5,3.0,0,0,0,0,0,0,0,0,0,0,0,0,0,0,0,0,0,1,0,0,0,0,0,0,0,0
0.730643942726,-1.7765352885,-0.546683779956,1.0,"Ides-of-March,-The",1,40962534.0,2011.0,7.1,3.0,0,0,0,0,0,0,0,0,0,0,0,0,0,0,0,0,0,1,0,0,0,0,0,0,0,0
0.27068624962,0.942094766745,-1.44947143166,0.0,"Imaginarium-of-Doctor-Parnassus,-The",0,7689458.0,2009.0,6.8,1.0,0,0,0,0,0,0,0,0,0,0,0,0,0,0,1,0,0,0,0,0,0,1,0,1,0,0
-0.687683859839,-0.901127651052,0.723290680362,3.0,In-the-Bedroo,0,35918429.0,2001.0,7.5,3.0,0,1,0,0,0,0,0,0,0,0,0,0,0,0,0,0,0,1,0,0,0,0,0,0,0,0
0.944736275569,0.0339388859918,-0.0943415610137,2.0,Inception,0,292568851.0,2010.0,8.8,1.0,1,0,0,0,0,0,0,0,0,0,0,0,1,0,0,0,0,0,1,0,0,1,0,0,0,0
-8.23613209183,3.44416969356,1.1294923578,0.0,"Incredibles,-The",0,261437578.0,2004.0,8.0,1.0,0,0,0,1,0,0,0,0,0,0,0,0,0,0,0,0,0,0,1,0,1,1,0,0,0,0
0.827453510235,0.718020930551,-0.484416110109,2.0,"Informant,-The",0,33313582.0,2009.0,6.5,3.0,0,1,0,0,0,1,0,0,0,0,0,0,0,0,0,0,0,1,0,0,0,0,0,0,0,0
0.32540482562,-0.151838237437,-0.0630335494954,2.0,Inglourious-Basterds,0,120523073.0,2009.0,8.3,3.0,0,0,0,0,0,0,1,0,0,0,0,0,0,0,0,0,0,1,0,0,0,1,0,0,0,0
-0.0665082666681,0.512973148056,1.20397441541,3.0,"Insider,-The",0,28965197.0,1999.0,7.9,3.0,0,0,0,0,0,0,0,0,0,0,0,0,1,0,0,0,0,1,0,0,0,0,0,0,0,1
-1.27028761668,0.29801226084,0.672696983872,3.0,Insidious,0,53991137.0,2010.0,6.8,1.0,0,0,0,0,0,0,0,1,0,0,0,0,1,0,1,0,0,0,0,0,0,0,0,0,0,0
-1.16068829966,1.08249566762,0.0394112840323,0.0,Insomnia,1,67263182.0,2002.0,7.2,3.0,0,0,0,0,0,0,0,0,0,0,0,0,1,0,1,0,0,1,0,0,0,0,0,0,0,0
0.847700086267,-0.895501512331,0.802431732713,1.0,Interstellar,0,187991439.0,2014.0,8.6,1.0,1,0,0,0,0,0,0,0,0,0,0,0,0,0,0,0,0,1,0,0,0,1,0,0,0,0
0.46112049876,-1.02498167901,1.65804729828,1.0,Into-the-Wild,0,18352454.0,2007.0,8.2,3.0,0,0,0,0,0,0,0,0,0,0,0,0,0,0,0,0,0,1,0,0,0,1,0,0,0,1
0.179241768444,1.55096046419,-0.631376452434,0.0,Intolerable-Cruelty,0,35096190.0,2003.0,6.3,1.0,0,1,1,0,0,1,0,0,0,0,0,0,0,0,0,0,0,0,0,0,0,0,0,0,0,0
-0.363191726252,0.992682539709,-1.26060246839,0.0,Inventing-the-Abbotts,1,5852547.0,1997.0,6.4,3.0,0,0,1,0,0,0,0,0,0,0,0,0,0,0,0,0,0,1,0,0,0,0,0,0,0,0
-1.84532098976,2.896310724,-0.654774679767,0.0,"Invention-of-Lying,-The",0,18439082.0,2009.0,6.4,1.0,0,0,1,0,0,1,0,0,0,0,0,0,0,0,0,0,0,0,0,0,0,0,0,1,0,0
-0.638268348613,0.610093592714,1.72798151438,3.0,Invictus,0,37479778.0,2009.0,7.4,1.0,0,0,0,0,0,0,0,0,0,0,0,0,0,0,0,0,0,1,0,1,0,0,0,0,1,1
1.65095370837,-0.112103726483,-0.345953466633,2.0,"Iron-Lady,-The",0,29959436.0,2011.0,6.4,1.0,0,0,0,0,0,0,0,0,0,0,0,0,0,0,0,0,0,1,0,0,0,0,0,0,0,1
1.04452851363,-0.953368704477,0.371365660546,1.0,It's-Complicated,1,112703470.0,2009.0,6.6,3.0,0,0,1,0,0,1,0,0,0,0,0,0,0,0,0,0,0,1,0,0,0,0,0,0,0,0
0.217169594211,-0.108604617889,0.376927009182,3.0,"Italian-Job,-The",0,106126012.0,2003.0,7.0,1.0,0,1,0,0,0,0,0,0,0,0,0,0,1,0,0,0,0,0,1,0,0,0,0,0,0,0
1.56249855259,-2.02613436716,1.95158192038,1.0,"Jacket,-The",0,6301131.0,2005.0,7.1,3.0,1,0,0,0,0,0,0,0,0,0,0,0,1,0,1,0,0,1,0,0,0,0,0,0,0,0
1.11694105481,0.168649932281,-0.37995120039,2.0,Jackie-Brown,1,39647595.0,1997.0,7.5,3.0,0,1,0,0,0,0,0,0,0,0,0,0,1,0,0,0,0,0,0,0,0,0,0,0,0,0
1.02979581045,-0.553806594755,0.119065408604,2.0,Jane-Eyre,0,11232825.0,2011.0,7.4,1.0,0,0,1,0,0,0,0,0,0,0,0,0,0,0,0,0,0,1,0,0,0,0,0,0,0,0
0.688644750035,-0.613315820127,0.887533204125,1.0,Jason-X,1,12610731.0,2001.0,4.4,3.0,1,0,0,0,0,0,0,1,0,0,0,0,1,0,0,0,0,0,1,0,0,0,0,0,0,0
1.02364108099,-0.126609698496,-0.593230790928,2.0,Jay-and-Silent-Bob-Strike-Back,1,30059386.0,2001.0,6.9,3.0,0,0,0,0,0,1,0,0,0,0,0,0,0,0,0,0,0,0,0,0,0,0,0,0,0,0
-0.179627567998,0.253101923873,-0.739394985908,2.0,Jennifer's-Body,1,16204793.0,2009.0,5.1,3.0,0,0,0,0,0,1,0,1,0,0,0,0,0,0,0,0,0,0,0,0,0,0,0,0,0,0
-1.00129977117,0.78024042551,-0.0122704437592,3.0,Jennifer-Eig,0,16204793.0,2009.0,5.1,3.0,0,0,0,0,0,1,0,1,0,0,0,0,0,0,0,0,0,0,0,0,0,0,0,0,0,0
0.125127120595,-0.164615034006,1.06582677709,3.0,Jerry-Maguire,0,153620822.0,1996.0,7.3,3.0,0,0,1,0,0,1,0,0,0,0,0,0,0,0,0,0,0,1,0,0,0,0,0,0,1,0
0.0786750233059,-0.0356759678044,0.446659345611,3.0,JFK,0,70405498.0,1991.0,8.0,3.0,0,0,0,0,0,0,0,0,0,0,0,0,1,0,0,0,0,1,0,1,0,0,0,0,0,0
0.609093338426,-0.805083449917,-0.709136457054,2.0,Judge-Dredd,1,34694000.0,1995.0,5.5,3.0,1,1,0,0,0,0,0,0,0,0,0,0,1,0,0,0,0,0,1,0,0,0,0,0,0,0
1.64155677811,0.0282129602311,-0.436510533445,2.0,Juno,1,143492840.0,2007.0,7.5,1.0,0,0,0,0,0,1,0,0,0,0,0,0,0,0,0,0,0,1,0,0,0,0,0,0,0,0
1.10001430895,-1.68739216204,0.722060507519,1.0,Jurassic-Park-The-Lost-World,1,229074524.0,1997.0,6.5,1.0,1,0,0,0,0,0,0,0,0,0,0,0,0,0,0,0,0,0,1,0,0,1,0,0,0,0
-0.52908029043,-1.00593084275,-0.335826063202,3.0,Jurassic-Park,1,356784000.0,1993.0,8.1,1.0,1,0,0,0,0,0,0,0,0,0,0,0,1,0,0,0,0,0,0,0,0,1,0,0,0,0
0.219639451685,0.235455608165,-0.919341581676,2.0,Kalifornia,1,2395231.0,1993.0,6.7,3.0,0,1,0,0,0,0,0,0,0,0,0,0,1,0,0,0,0,1,0,0,0,0,0,0,0,0
1.15628003356,-2.67820481934,2.55496767607,1.0,Kate-&-Leopold,1,47095453.0,2001.0,6.4,1.0,0,0,1,0,0,1,0,0,0,0,0,0,0,0,0,0,0,0,0,0,0,0,0,1,0,0
2.02112030621,-0.461789369433,-1.48586998084,2.0,"Kids-Are-All-Right,-The",1,20803237.0,2010.0,7.1,3.0,0,0,1,0,0,1,0,0,0,0,0,0,0,0,0,0,0,1,0,0,0,0,0,0,0,0
0.635044154315,0.0738669590319,-4.06984292445,2.0,Killing-Zoe,1,418953.0,1993.0,6.5,3.0,0,1,0,0,0,0,0,0,0,0,0,0,1,0,0,0,0,0,0,0,0,0,0,0,0,0
-0.554682294455,-1.41849840297,2.92672876011,1.0,"King's-Speech,-The",0,138795342.0,2010.0,8.0,3.0,0,0,0,0,0,0,0,0,0,0,0,0,0,0,0,0,0,1,0,0,0,0,0,0,0,1
0.675926373512,-0.534400299066,-1.70094540056,2.0,Knocked-Up,1,148734225.0,2007.0,7.0,3.0,0,0,1,0,0,1,0,0,0,0,0,0,0,0,0,0,0,0,0,0,0,0,0,0,0,0
0.779033154823,-0.584930496543,-0.236572701797,2.0,Kundun,1,5532301.0,1997.0,7.0,1.0,0,0,0,0,0,0,1,0,0,0,0,0,0,0,0,0,0,1,0,1,0,0,0,0,0,1
1.28393356103,0.338277859946,-0.635728705991,2.0,Kung-Fu-Panda,1,143523463.0,2016.0,7.2,1.0,0,0,0,1,0,1,0,0,0,0,0,0,0,0,0,0,0,0,1,0,1,1,0,1,0,0
-1.21055033951,0.92281839977,-0.461045380356,0.0,L.A.-Confidentia,1,64604977.0,1997.0,8.3,3.0,0,1,0,0,0,0,0,0,0,0,0,0,1,0,1,0,0,1,0,0,0,0,0,0,0,0
0.176034331571,1.47536868147,-0.264335023786,0.0,Labyrin,1,81687587.0,2015.0,6.8,1.0,1,0,0,0,0,0,0,0,0,0,0,0,1,0,0,0,0,0,1,0,0,0,0,0,0,0
1.14365949943,0.809665477674,-0.150626341804,2.0,Lake-Placid,0,31768374.0,1999.0,5.6,3.0,0,0,0,0,0,1,0,1,0,0,0,0,0,0,0,0,0,0,1,0,0,0,0,0,0,0
0.00288442168524,-0.331848151055,0.423646589565,3.0,Land-of-the-Dead,0,20433940.0,2005.0,6.2,3.0,0,0,0,0,0,0,0,1,0,0,0,0,1,0,0,0,0,1,1,0,0,0,0,0,0,0
0.0313426811093,0.0393416886116,0.283041036181,3.0,Larry-Crowne,0,35565975.0,2011.0,6.1,1.0,0,0,1,0,0,1,0,0,0,0,0,0,0,0,0,0,0,1,0,0,0,0,0,0,0,0
-0.0826374772499,0.411911437265,-0.463411147115,2.0,"Last-Boy-Scout,-The",1,59509925.0,1991.0,6.9,3.0,0,0,0,0,0,0,0,0,0,0,0,0,1,0,0,0,0,0,1,0,0,0,0,0,0,0
1.72592826984,-1.07282711727,-0.251629576312,2.0,Last-Chance-Harvey,1,14879423.0,2008.0,6.7,1.0,0,0,1,0,0,0,0,0,0,0,0,0,0,0,0,0,0,1,0,0,0,0,0,0,0,0
-0.997134752042,-0.567856967636,1.2282356473,3.0,"Last-of-the-Mohicans,-The",0,72455275.0,1992.0,7.8,3.0,0,0,1,0,0,0,1,0,0,0,0,0,0,0,0,0,0,1,1,0,0,1,0,0,0,0
-0.604820664798,0.242811383052,0.886898613104,3.0,"Last-Samurai,-The",0,111110575.0,2003.0,7.7,3.0,0,0,0,0,0,0,1,0,0,0,0,0,0,0,0,0,0,1,1,1,0,0,0,0,0,0
1.29660338865,-0.245691881589,-1.41308029782,2.0,"Last-Station,-The",1,6615578.0,2009.0,7.0,3.0,0,0,1,0,0,0,0,0,0,0,0,0,0,0,0,0,0,1,0,0,0,0,0,0,0,1
0.2201400266,1.25498093159,-0.283261411398,0.0,Law-Abiding-Citizen,1,73343413.0,2009.0,7.4,3.0,0,1,0,0,0,0,0,0,0,0,0,0,1,0,0,0,0,1,0,0,0,0,0,0,0,0
-0.155589642451,-1.27729294731,1.37552808638,1.0,Legally-Blonde,0,95001351.0,2001.0,6.2,1.0,0,0,1,0,0,1,0,0,0,0,0,0,0,0,0,0,0,0,0,0,0,0,0,0,0,0
-0.517601109545,0.907242244367,-0.586067199651,0.0,Legend,1,1865774.0,2015.0,7.0,3.0,0,1,0,0,0,0,0,0,0,0,0,0,1,0,0,0,0,1,0,1,0,0,0,0,0,1
0.297580257893,0.847390533689,0.0659441085494,3.0,Les-Miserables,0,148775460.0,2012.0,7.6,1.0,0,0,1,0,0,0,0,0,0,0,1,0,0,0,0,0,0,1,0,0,0,0,0,0,0,0
1.2938349852,-2.84534280737,0.652772542207,1.0,Liar-Liar,0,181395380.0,1997.0,6.8,1.0,0,0,0,0,0,1,0,0,0,0,0,0,0,0,0,0,0,0,0,0,0,0,0,1,0,0
0.999362324438,-0.462893993668,-0.729260881181,2.0,"Life-of-David-Gale,-The",1,19593740.0,2003.0,7.6,3.0,0,1,0,0,0,0,0,0,0,0,0,0,1,0,0,0,0,1,0,0,0,0,0,0,0,0
-1.46712286524,-1.55476361823,0.898441316616,3.0,Life-of-Pi,1,124976634.0,2012.0,7.9,1.0,0,0,0,0,0,0,0,0,0,0,0,0,0,0,0,0,0,1,0,0,0,1,0,1,0,0
0.965307901991,-0.869129796518,0.0433273222605,1.0,Light-Sleeper,0,1100000.0,1992.0,6.8,3.0,0,1,0,0,0,0,0,0,0,0,0,0,0,0,0,0,0,1,0,0,0,0,0,0,0,0
-0.13796535144,0.043206945155,0.353561119223,3.0,"Limey,-The",0,3193102.0,1999.0,7.1,3.0,0,1,0,0,0,0,0,0,0,0,0,0,1,0,1,0,0,1,0,0,0,0,0,0,0,0
-0.168327951694,-0.835652133982,1.2704035508,1.0,"Lincoln-Lawyer,-The",1,57981889.0,2011.0,7.3,3.0,0,1,0,0,0,0,0,0,0,0,0,0,1,0,0,0,0,1,0,0,0,0,0,0,0,0
-0.211770543541,-0.514420584473,0.648562006669,3.0,Lincoln,0,182204440.0,2012.0,7.4,1.0,0,0,0,0,0,0,1,0,0,0,0,0,0,0,0,0,0,1,0,1,0,0,0,0,0,1
2.30149663219,-2.58316320837,0.959908861618,1.0,Little-Nicky,1,39442871.0,2000.0,5.3,1.0,0,0,0,0,0,1,0,0,0,0,0,0,0,0,0,0,0,0,0,0,0,0,0,1,0,0
-0.438648190876,1.28391823304,-1.84126854512,0.0,Living-in-Oblivion,1,1148752.0,1995.0,7.6,3.0,0,0,0,0,0,1,0,0,0,0,0,0,0,0,0,0,0,1,0,0,0,0,0,0,0,0
-1.61086735913,1.11898955225,-0.297916674397,0.0,"Lock,-Stock-and-Two-Smoking-Barrels",0,3650677.0,1998.0,8.2,3.0,0,1,0,0,0,1,0,0,0,0,0,0,0,0,0,0,0,0,0,0,0,0,0,0,0,0
-0.484550939854,-0.0520155206382,0.263975371621,3.0,"Long-Kiss-Goodnight,-The",1,33328051.0,1996.0,6.7,3.0,0,1,0,0,0,0,0,0,0,0,0,0,1,0,1,0,0,1,1,0,0,0,0,0,0,0
-0.328081664241,0.748548788189,-0.65321159447,0.0,Looper,1,66468315.0,2012.0,7.4,3.0,1,1,0,0,0,0,0,0,0,0,0,0,1,0,0,0,0,1,1,0,0,0,0,0,0,0
1.06528092083,0.118298401452,0.0373593694599,2.0,Lord-of-Illusions,0,13293081.0,1995.0,6.0,3.0,0,0,0,0,0,0,0,1,0,0,0,0,1,0,1,0,0,0,0,0,0,0,0,0,0,0
-1.31424652943,-1.1449120738,1.13668924983,3.0,"Lord-of-the-Rings-Fellowship-of-the-Ring,-The",1,313837577.0,2001.0,8.8,1.0,0,0,0,0,0,0,0,0,0,0,0,0,0,0,0,0,0,1,0,0,0,1,0,1,0,0
-0.72010357702,-0.232347061389,0.879840437149,3.0,Lord-of-the-Rings-Return-of-the-King,0,377019252.0,2003.0,8.9,1.0,0,0,0,0,0,0,0,0,0,0,0,0,0,0,0,0,0,1,0,0,0,1,0,1,0,0
0.385694858698,0.286932132245,0.418789142097,3.0,Lord-of-the-Rings-The-Two-Towers,1,340478898.0,2002.0,8.7,1.0,0,0,0,0,0,0,0,0,0,0,0,0,0,0,0,0,0,1,0,0,0,1,0,1,0,0
-1.03928070078,1.16387372495,0.35450528099,3.0,Lord-of-War,0,24127895.0,2005.0,7.6,3.0,0,1,0,0,0,0,0,0,0,0,0,0,1,0,0,0,0,1,0,0,0,0,0,0,0,0
1.9637847116,-1.25599087006,0.3279437509,1.0,"Losers,-The",1,23527955.0,2010.0,6.4,1.0,0,1,0,0,0,0,0,0,0,0,0,0,1,0,1,0,0,0,1,0,0,1,0,0,0,0
-0.904280058708,1.49767116462,1.28823869483,3.0,Lost-Highway,0,3796699.0,1997.0,7.6,3.0,0,0,0,0,0,0,0,0,0,0,0,0,1,0,1,0,0,0,0,0,0,0,0,0,0,0
1.24559474521,-0.459623359196,1.04431318681,1.0,Lost-in-Translation,0,44566004.0,2003.0,7.8,3.0,0,0,0,0,0,0,0,0,0,0,0,0,0,0,0,0,0,1,0,0,0,0,0,0,0,0
-0.81353095416,1.62064642948,-2.24702419198,0.0,Machete,1,26589953.0,2010.0,6.7,3.0,0,1,0,0,0,0,0,0,0,0,0,0,1,0,0,0,0,0,1,0,0,0,0,0,0,0
1.41116910482,0.261361457134,0.468206161884,2.0,Machine-Gun-Preacher,0,537580.0,2011.0,6.8,3.0,0,1,0,0,0,0,0,0,0,0,0,0,0,0,0,0,0,1,1,0,0,0,0,0,0,1
0.932731914622,0.754894043849,-2.3543948354,2.0,Made,1,5308707.0,2001.0,6.4,3.0,0,1,0,0,0,1,0,0,0,0,0,0,1,0,0,0,0,1,0,0,0,0,0,0,0,0
-1.54853953762,0.886438262436,0.30755261139,3.0,Magnolia,0,22450975.0,1999.0,8.0,3.0,0,0,0,0,0,0,0,0,0,0,0,0,0,0,0,0,0,1,0,0,0,0,0,0,0,0
0.648892823474,-0.511293085261,1.72464481938,1.0,"Majestic,-The-(The-Bijou)",0,27796042.0,2001.0,6.9,1.0,0,0,1,0,0,0,0,0,0,0,0,0,0,0,0,0,0,1,0,0,0,0,0,0,0,0
-0.677893153566,-0.634408113704,1.21041222991,3.0,Malcolm-X,0,48169908.0,1992.0,7.7,1.0,0,0,1,0,0,0,0,0,0,0,0,0,0,0,0,0,0,1,0,1,0,0,0,0,0,1
0.0932216195212,-0.501102434179,-0.679552266605,2.0,Malibu's-Most-Wanted,1,34308901.0,2003.0,5.1,1.0,0,1,0,0,0,1,0,0,0,0,0,0,0,0,0,0,0,0,0,0,0,0,0,0,0,0
1.51652549362,-3.19925534242,0.659386244883,1.0,Man-in-the-Iron-Mask,1,56876365.0,1998.0,6.5,1.0,0,0,0,0,0,0,0,0,0,0,0,0,0,0,0,0,0,0,1,0,0,1,0,0,0,0
-0.170957756639,0.644524339561,-0.931650394318,0.0,Man-On-Fire,0,77862546.0,2004.0,7.7,3.0,0,1,0,0,0,0,0,0,0,0,0,0,1,0,0,0,0,1,1,0,0,0,0,0,0,0
0.259545287031,-0.271253590771,0.192870410565,3.0,Man-on-the-Moon,0,34580635.0,1999.0,7.4,3.0,0,0,0,0,0,1,0,0,0,0,0,0,0,0,0,0,0,1,0,0,0,0,0,0,0,1
1.30422059711,-0.727935203895,0.36368690846,1.0,Man-Trouble,1,4096030.0,1992.0,4.6,1.0,0,0,1,0,0,1,0,0,0,0,0,0,0,0,0,0,0,0,0,0,0,0,0,0,0,0
-0.45425745295,0.278954414154,-0.3388127038,3.0,"Man-Who-Wasn't-There,-The",1,7494849.0,2001.0,7.6,3.0,0,1,0,0,0,0,0,0,0,0,0,0,0,0,0,0,0,1,0,0,0,0,0,0,0,0
2.39854765217,-1.51679573834,-0.662274233811,2.0,"Manchurian-Candidate,-The",0,65948711.0,2004.0,6.6,3.0,1,0,0,0,0,0,0,0,0,0,0,0,1,0,1,0,0,1,0,0,0,0,0,0,0,0
-0.132873801669,-0.365210548883,-0.770939461636,2.0,Manhattan-Murder-Mystery,1,11285588.0,1993.0,7.4,1.0,0,0,0,0,0,1,0,0,0,0,0,0,0,0,1,0,0,0,0,0,0,0,0,0,0,0
1.19083881319,-0.771011080653,-0.152742726068,2.0,Margare,1,46495.0,2011.0,6.5,3.0,0,0,0,0,0,0,0,0,0,0,0,0,0,0,0,0,0,1,0,0,0,0,0,0,0,0
-0.351100825623,0.202475230181,1.2570603839,3.0,Margin-Ca,1,5354039.0,2011.0,7.1,3.0,0,0,0,0,0,0,0,0,0,0,0,0,1,0,0,0,0,1,0,0,0,0,0,0,0,1
-1.49711156869,1.90330819827,-2.09160757212,0.0,Margot-at-the-Wedding,1,1956291.0,2007.0,6.1,3.0,0,0,0,0,0,1,0,0,0,0,0,0,0,0,0,0,0,1,0,0,0,0,0,0,0,0
-1.92485910586,0.0106623031395,2.38854817344,3.0,"Mariachi,-E",0,2040920.0,1992.0,6.9,3.0,0,0,0,0,0,0,0,0,0,0,0,0,1,0,0,0,0,0,1,0,0,0,0,0,0,0
-0.609069060371,0.299128602078,0.506541324411,3.0,Marley-&-Me,0,143151473.0,2008.0,7.1,1.0,0,0,0,0,0,1,0,0,0,0,0,0,0,0,0,0,0,1,0,0,1,0,0,0,0,0
1.4876800451,-1.29215961688,0.210630144975,1.0,Martha-Marcy-May-Marlene,0,2981638.0,2011.0,6.9,3.0,0,0,0,0,0,0,0,0,0,0,0,0,1,0,1,0,0,1,0,0,0,0,0,0,0,0
-0.163273921185,-0.148248794341,0.666132681784,3.0,"Mask,-The",0,119938730.0,1994.0,6.9,1.0,0,0,0,0,0,1,0,0,0,0,0,0,0,0,0,0,0,0,0,0,1,0,0,1,0,0
0.382069582733,-0.274712333276,-1.1527273325,2.0,"Master,-The",1,17356894.0,2016.0,5.8,1.0,0,1,0,0,0,1,0,0,0,0,0,0,0,0,0,0,0,0,1,0,0,0,0,0,0,0
0.572158444149,1.21933612818,0.350547505505,3.0,"Matrix,-The",0,171383253.0,1999.0,8.7,3.0,1,0,0,0,0,0,0,0,0,0,0,0,0,0,0,0,0,0,1,0,0,0,0,0,0,0
-0.817348686586,0.285422986888,-0.2056806902,3.0,"Matrix-Reloaded,-The",0,281492479.0,2003.0,7.2,3.0,1,0,0,0,0,0,0,0,0,0,0,0,0,0,0,0,0,0,1,0,0,0,0,0,0,0
-0.0420559452813,0.67031836993,-0.241401462923,3.0,Max-Payne,1,40687294.0,2008.0,5.4,1.0,0,1,0,0,0,0,0,0,0,0,0,0,1,0,1,0,0,1,1,0,0,0,0,0,0,0
-0.395655826991,0.643938480342,-1.30949622451,0.0,"Mechanic,-The",1,29113588.0,2011.0,6.6,3.0,0,1,0,0,0,0,0,0,0,0,0,0,1,0,0,0,0,0,1,0,0,0,0,0,0,0
-0.718553631562,-0.265049573925,0.0758415519095,3.0,Meet-Joe-Black,0,44606335.0,1998.0,7.1,1.0,0,0,1,0,0,0,0,0,0,0,0,0,0,0,0,0,0,1,0,0,0,0,0,1,0,0
0.891549962794,0.471294500319,-1.56585835214,2.0,Megamind,1,148337537.0,2010.0,7.3,1.0,1,0,0,1,0,1,0,0,0,0,0,0,0,0,0,0,0,0,1,0,1,0,0,0,0,0
0.917089824043,-0.107298403007,-1.43104162303,2.0,Memento,1,25530884.0,2000.0,8.5,3.0,0,0,0,0,0,0,0,0,0,0,0,0,1,0,1,0,0,0,0,0,0,0,0,0,0,0
2.31636870185,-1.34005604613,0.648542674784,1.0,Men-in-Black-3,1,179020854.0,2012.0,6.8,1.0,1,0,0,0,0,1,0,0,0,0,0,0,0,0,0,0,0,0,1,0,1,1,0,0,0,0
0.8156779061,0.845560599707,-1.43670259028,2.0,Men-in-Black,1,250147615.0,1997.0,6.8,1.0,1,0,0,0,0,1,0,0,0,0,0,0,0,0,1,0,0,0,0,0,1,1,0,0,0,0
-0.665110552964,0.44903314928,-0.422026812852,3.0,"Men-Who-Stare-at-Goats,-The",1,32416109.0,2009.0,6.2,3.0,0,0,0,0,0,1,1,0,0,0,0,0,0,0,0,0,0,0,0,0,0,0,0,0,0,0
-0.95349269012,0.555801259827,-1.19894498255,0.0,Metro,1,31987563.0,1997.0,5.5,3.0,0,1,0,0,0,1,0,0,0,0,0,0,1,0,0,0,0,1,1,0,0,0,0,0,0,0
-0.0546586308319,2.66155314029,-2.0735483571,0.0,Midnight-in-Paris,0,56816662.0,2011.0,7.7,1.0,0,0,1,0,0,1,0,0,0,0,0,0,0,0,0,0,0,0,0,0,0,0,0,1,0,0
-0.269793228841,0.115788189492,-0.905526993172,2.0,Milk,1,31838002.0,2008.0,7.6,3.0,0,0,1,0,0,0,0,0,0,0,0,0,0,0,0,0,0,1,0,1,0,0,0,0,0,1
0.0889694227772,0.521632519498,-0.919775847435,2.0,Mimic,0,25454187.0,1997.0,5.9,3.0,1,0,0,0,0,0,0,1,0,0,0,0,0,0,0,0,0,0,0,0,0,0,0,0,0,0
0.832628755546,-0.809300646589,1.23041598431,1.0,Mini's-First-Time,0,48913.0,2006.0,5.9,3.0,0,1,0,0,0,1,0,0,0,0,0,0,0,0,0,0,0,1,0,0,0,0,0,0,0,0
-0.269188635291,-0.704821803965,0.404512931085,3.0,Mirrors,0,30691439.0,2008.0,6.2,3.0,0,0,0,0,0,0,0,1,0,0,0,0,0,0,1,0,0,0,0,0,0,0,0,0,0,0
0.0921707940345,-0.0627482019884,-0.76615877673,2.0,Mission-Impossible-II,1,215397307.0,2000.0,6.1,1.0,0,0,0,0,0,0,0,0,0,0,0,0,1,0,0,0,0,0,1,0,0,1,0,0,0,0
-0.787384368311,0.438758752737,-0.683596014294,0.0,Mission-to-Mars,1,60874615.0,2000.0,5.6,1.0,1,0,0,0,0,0,0,0,0,0,0,0,1,0,0,0,0,0,0,0,0,1,0,0,0,0
-0.10838333363,-1.09642545542,1.12658511867,1.0,Moneyba,0,75605492.0,2011.0,7.6,1.0,0,0,0,0,0,0,0,0,0,0,0,0,0,0,0,0,0,1,0,0,0,0,0,0,1,1
-0.813061836007,-0.477482519859,0.846513602766,3.0,Monkeybone,1,5409517.0,2001.0,4.7,1.0,0,0,0,1,0,1,0,0,0,0,0,0,0,0,0,0,0,0,0,0,0,0,0,1,0,0
0.247596489431,-0.111933538909,-0.53227790658,2.0,Moon,1,5009677.0,2009.0,7.9,3.0,1,0,0,0,0,0,0,0,0,0,0,0,0,0,1,0,0,1,0,0,0,0,0,0,0,0
0.245707271169,-0.894603739935,0.0469344389501,1.0,Moonrise-Kingdo,1,45507053.0,2012.0,7.8,1.0,0,0,1,0,0,1,0,0,0,0,0,0,0,0,0,0,0,1,0,0,0,1,0,0,0,0
0.223634595386,0.307828485039,-0.127605636066,2.0,Mr-Brooks,1,28476219.0,2007.0,7.4,3.0,0,1,0,0,0,0,0,0,0,0,0,0,1,0,0,0,0,1,0,0,0,0,0,0,0,0
0.761794561737,-0.161210983905,0.183070554401,2.0,Mrs.-Brown,0,9217930.0,1997.0,7.3,1.0,0,0,1,0,0,0,0,0,0,0,0,0,0,0,0,0,0,1,0,1,0,0,0,0,0,1
0.555431450899,-0.47777550715,0.920973654186,1.0,Mud,0,21589307.0,2012.0,7.4,1.0,0,0,0,0,0,0,0,0,0,0,0,0,0,0,0,0,0,1,0,0,0,0,0,0,0,0
-1.0839245937,0.0655546829209,0.560288980738,3.0,Mulholland-Drive,1,7219578.0,2001.0,8.0,3.0,0,0,0,0,0,0,0,0,0,0,0,0,1,0,1,0,0,1,0,0,0,0,0,0,0,0
0.401800863625,0.392620731564,0.45674836432,3.0,Mumford,0,4554569.0,1999.0,6.9,3.0,0,0,0,0,0,1,0,0,0,0,0,0,0,0,0,0,0,1,0,0,0,0,0,0,0,0
-1.01015165411,0.574240217431,0.713692872198,3.0,Music-of-the-Hear,0,14849583.0,1999.0,6.8,1.0,0,0,0,0,1,0,0,0,0,0,0,0,0,0,0,0,0,1,0,0,0,0,0,0,0,0
-1.01152353834,0.659840112628,0.422003187585,3.0,Mute-Witness,0,1204430.0,1995.0,6.8,3.0,0,0,0,0,0,0,0,1,0,0,0,0,1,0,0,0,0,0,0,0,0,0,0,0,0,0
-0.31453889852,-1.04562070235,1.239122672,1.0,My-Best-Friend's-Wedding,0,126805112.0,1997.0,6.3,1.0,0,0,1,0,0,1,0,0,0,0,0,0,0,0,0,0,0,1,0,0,0,0,0,0,0,0
0.533351574055,-0.314056943783,-1.09367551328,2.0,My-Week-with-Marilyn,1,14597405.0,2011.0,7.0,3.0,0,0,0,0,0,0,0,0,0,0,0,0,0,0,0,0,0,1,0,0,0,0,0,0,0,1
-1.24817567459,-0.382225436681,6.11487978922,1.0,Napoleon-Dynamite,0,44540956.0,2004.0,6.9,1.0,0,0,0,0,0,1,0,0,0,0,0,0,0,0,0,0,0,0,0,0,0,0,0,0,0,0
0.285692255084,-0.813751829092,0.472388885334,1.0,Natural-Born-Killers,0,50282766.0,1994.0,7.3,3.0,0,1,0,0,0,0,0,0,0,0,0,0,0,0,0,0,0,1,0,0,0,0,0,0,0,0
-1.15008354505,0.20144047895,1.20829196475,3.0,New-York-Minute,0,14018364.0,2004.0,4.8,1.0,0,1,1,0,0,1,0,0,0,0,0,0,0,0,0,0,0,0,0,0,1,0,0,0,0,0
-0.287994689772,-0.0409493859031,-0.780745655565,2.0,Newsies,0,2819485.0,1992.0,6.9,1.0,0,0,0,0,0,0,0,0,0,0,1,0,0,0,0,0,0,1,0,1,1,0,0,0,0,0
0.0325297543048,0.540921556284,0.233822328991,3.0,Nex,0,21129348.0,2010.0,7.4,1.0,0,1,1,0,0,0,0,0,0,0,0,0,1,0,0,0,0,1,0,0,0,0,0,0,0,0
-0.901618523072,-0.139893717421,0.644156427782,3.0,Next-Friday,1,57176582.0,2000.0,6.1,3.0,0,0,0,0,0,1,0,0,0,0,0,0,0,0,0,0,0,0,0,0,0,0,0,0,0,0
-0.495964695344,-0.623452572293,-0.166514430374,3.0,"Next-Three-Days,-The",1,21129348.0,2010.0,7.4,1.0,0,1,1,0,0,0,0,0,0,0,0,0,1,0,0,0,0,1,0,0,0,0,0,0,0,0
0.860945193205,0.36362160429,-2.20515183704,2.0,Nick-of-Time,1,8169363.0,1995.0,6.3,3.0,0,1,0,0,0,0,0,0,0,0,0,0,1,0,0,0,0,1,1,0,0,0,0,0,0,0
-0.722067343146,0.838203460317,4.37162233777,3.0,"Nightmare-Before-Christmas,-The",0,75082668.0,1993.0,8.0,1.0,0,0,0,1,0,0,0,0,0,0,1,0,0,0,0,0,0,0,0,0,1,0,0,1,0,0
-0.909209297988,0.857372009167,-0.574811289196,0.0,Nine,1,19673424.0,2009.0,5.8,1.0,0,0,1,0,0,0,0,0,0,0,1,0,0,0,0,0,0,1,0,0,0,0,0,0,0,0
0.457146449483,-0.8221667251,0.24047746798,1.0,Ninja-Assassin,1,38105077.0,2009.0,6.4,3.0,0,1,0,0,0,0,0,0,0,0,0,0,1,0,0,0,0,0,1,0,0,0,0,0,0,0
1.06407243537,0.724029162935,0.0744421273545,2.0,No-Strings-Attached,0,70625986.0,2011.0,6.2,3.0,0,0,1,0,0,1,0,0,0,0,0,0,0,0,0,0,0,0,0,0,0,0,0,0,0,0
1.72323302982,1.09853033625,-0.398890097588,2.0,O-Brother-Where-Art-Thou%3f,0,45506619.0,2000.0,7.8,1.0,0,1,0,0,1,1,0,0,0,0,0,0,0,0,0,0,0,0,0,0,0,1,0,0,0,0
0.573293780212,-0.87961866745,0.393361314828,1.0,Oblivion,1,89021735.0,2013.0,7.0,1.0,1,0,0,0,0,0,0,0,0,0,0,0,0,0,1,0,0,0,1,0,0,1,0,0,0,0
0.647902714311,0.36411585153,0.311339584499,2.0,Observe-and-Repor,0,23993605.0,2009.0,5.8,3.0,0,1,0,0,0,1,0,0,0,0,0,0,0,0,0,0,0,1,0,0,0,0,0,0,0,0
-0.327784627121,-0.73401622908,-0.67082513374,2.0,Obsessed,1,12831121.0,2004.0,4.9,1.0,0,0,1,0,0,0,0,0,0,0,0,0,1,0,1,0,0,1,0,0,0,0,0,0,0,0
0.148169960813,0.539463482409,-1.31876594026,2.0,Ocean's-Eleven,1,183405771.0,2001.0,7.8,1.0,0,1,0,0,0,0,0,0,0,0,0,0,1,0,0,0,0,0,0,0,0,0,0,0,0,0
-0.683573719936,0.781537364449,-0.0272109319206,3.0,Ocean's-Twelve,0,125531634.0,2004.0,6.5,1.0,0,1,0,0,0,0,0,0,0,0,0,0,1,0,0,0,0,0,0,0,0,0,0,0,0,0
0.545708673338,2.26078619987,-1.62724206329,0.0,Office-Space,0,10824921.0,1999.0,7.8,3.0,0,0,0,0,0,1,0,0,0,0,0,0,0,0,0,0,0,0,0,0,0,0,0,0,0,0
-0.00421173610954,-0.0987929234257,0.123389345781,3.0,Only-God-Forgives,1,778565.0,2013.0,5.7,3.0,0,1,0,0,0,0,0,0,0,0,0,0,0,0,0,0,0,1,0,0,0,0,0,0,0,0
0.0813442279636,-1.20337862084,-1.09160772851,2.0,Orphan,1,41573740.0,2009.0,7.0,3.0,0,0,0,0,0,0,0,1,0,0,0,0,1,0,1,0,0,0,0,0,0,0,0,0,0,0
-1.18208015957,0.562914677871,-1.19376003325,0.0,"Other-Boleyn-Girl,-The",1,26814957.0,2008.0,6.7,1.0,0,0,1,0,0,0,0,0,0,0,0,0,0,0,0,0,0,1,0,1,0,0,0,0,0,1
-0.0564710629814,0.80342951319,-0.911560612394,0.0,Out-of-Sig,1,37339525.0,1998.0,7.0,3.0,0,1,1,0,0,0,0,0,0,0,0,0,1,0,0,0,0,1,0,0,0,0,0,0,0,0
-1.51220646158,0.462727126295,-0.227049125988,3.0,"Pacifier,-The",1,113006880.0,2005.0,5.5,1.0,0,0,0,0,0,1,0,0,0,0,0,0,1,0,0,0,0,1,1,0,1,0,0,0,0,0
0.125858677289,0.139473269231,0.0237670498631,3.0,Pandoru,1,10326062.0,2009.0,6.8,3.0,1,0,0,0,0,0,0,1,0,0,0,0,1,0,1,0,0,0,1,0,0,0,0,0,0,0
0.0420756312158,-0.0612774377776,0.484125320779,3.0,Panic-Roo,0,95308367.0,2002.0,6.8,3.0,0,1,0,0,0,0,0,0,0,0,0,0,1,0,0,0,0,1,0,0,0,0,0,0,0,0
0.158243081497,0.084394733039,-0.86040761743,2.0,ParaNorman,0,55994557.0,2012.0,7.0,1.0,0,0,0,1,0,1,0,0,0,0,0,0,0,0,0,0,0,0,0,0,1,1,0,1,0,0
-1.43316872703,1.72862796875,-1.09483321083,0.0,"Patriot,-The",1,28381241.0,2016.0,7.6,3.0,0,0,0,0,0,0,0,0,0,0,0,0,1,0,0,0,0,1,0,1,0,0,0,0,0,0
0.0718236609188,0.286054849107,0.405647037192,3.0,"Perfect-World,-A",0,31160784.0,1993.0,7.5,1.0,0,1,0,0,0,0,0,0,0,0,0,0,1,0,0,0,0,1,0,0,0,0,0,0,0,0
0.089776134979,-0.341368076949,-1.23701918284,2.0,"Perks-of-Being-a-Wallflower,-The",1,17738570.0,2012.0,8.0,1.0,0,0,1,0,0,0,0,0,0,0,0,0,0,0,0,0,0,1,0,0,0,0,0,0,0,0
-0.93055993065,0.703146307283,-1.48874001835,0.0,Pet-Sematary-II,1,17092453.0,1992.0,4.7,3.0,0,0,0,0,0,0,0,1,0,0,0,0,0,0,0,0,0,0,0,0,0,0,0,1,0,0
-0.807508267548,0.512344049775,0.485550795084,3.0,Phone-Boo,0,46563158.0,2002.0,7.1,3.0,0,1,0,0,0,0,0,0,0,0,0,0,1,0,0,0,0,0,0,0,0,0,0,0,0,0
0.159317617059,-0.512295539283,1.13338340516,1.0,Pi,0,3216970.0,1998.0,7.5,3.0,1,0,0,0,0,0,0,1,0,0,0,0,1,0,1,0,0,1,0,0,0,0,0,0,0,0
-0.335210179939,0.521512806212,0.0986901360719,3.0,"Pianist,-The",0,32519322.0,2002.0,8.5,3.0,0,0,0,0,0,0,1,0,0,0,0,0,0,0,0,0,0,1,0,0,0,0,0,0,0,1
-0.840264187049,1.76158427026,-1.02091973051,0.0,"Piano,-The",0,40158000.0,1993.0,7.6,3.0,0,0,1,0,1,0,0,0,0,0,0,0,0,0,0,0,0,1,0,0,0,0,0,0,0,0
-1.34747909116,-0.0328321769135,0.74509728959,3.0,Pineapple-Express,0,87341380.0,2008.0,7.0,3.0,0,1,0,0,0,1,0,0,0,0,0,0,0,0,0,0,0,0,1,0,0,0,0,0,0,0
-0.250889663851,0.341455117515,1.02105301263,3.0,Pirates-of-the-Caribbean-Dead-Man's-Ches,1,423032628.0,2006.0,7.3,1.0,0,0,0,0,0,0,0,0,0,0,0,0,0,0,0,0,0,0,1,0,0,1,0,1,0,0
-0.529334626116,0.673242850361,-0.905734744672,0.0,Pleasantville,1,40568025.0,1998.0,7.5,1.0,0,0,0,0,0,1,0,0,0,0,0,0,0,0,0,0,0,1,0,0,0,0,0,1,0,0
-0.812984205062,0.470630313764,0.223269858374,3.0,Point-Break,1,28772222.0,2015.0,5.3,1.0,0,1,0,0,0,0,0,0,0,0,0,0,1,0,0,0,0,0,1,0,0,0,0,0,1,0
-0.116873496491,0.217823484189,-0.608438553913,2.0,"Postman,-The",1,17593391.0,1997.0,6.0,3.0,1,0,0,0,0,0,0,0,0,0,0,0,0,0,0,0,0,1,1,0,0,1,0,0,0,0
1.12028980388,-0.0356969064401,0.47193747689,2.0,"Power-of-One,-The",0,2827107.0,1992.0,7.2,1.0,0,0,0,0,0,0,0,0,0,0,0,0,0,0,0,0,0,1,0,0,0,0,0,0,0,0
-0.221692371916,1.77377514273,-0.612813490014,0.0,Precious,1,47536959.0,2009.0,7.3,3.0,0,0,0,0,0,0,0,0,0,0,0,0,0,0,0,0,0,1,0,0,0,0,0,0,0,0
0.83955236014,0.00549989437425,0.0384639122907,2.0,Pretty-Woman,0,178406268.0,1990.0,6.9,3.0,0,0,1,0,0,1,0,0,0,0,0,0,0,0,0,0,0,0,0,0,0,0,0,0,0,0
0.931245371264,0.47202205938,-0.269770158502,2.0,"Producer,-The",0,19377727.0,2005.0,6.4,1.0,0,0,0,0,0,1,0,0,0,0,1,0,0,0,0,0,0,0,0,0,0,0,0,0,0,0
0.657088199062,-0.229878980522,-0.791738051226,2.0,Prom-Nig,1,43818159.0,2008.0,3.9,1.0,0,0,0,0,0,0,0,1,0,0,0,0,0,0,1,0,0,0,0,0,0,0,0,0,0,0
-0.643701363156,-0.0836690108483,-0.249090180236,3.0,Prometheus,0,126464904.0,2012.0,7.0,3.0,1,0,0,0,0,0,0,0,0,0,0,0,0,0,1,0,0,0,0,0,0,1,0,0,0,0
0.293490475755,-0.602129539962,1.42270703729,1.0,"Proposal,-The",0,163947053.0,2009.0,6.7,1.0,0,0,1,0,0,1,0,0,0,0,0,0,0,0,0,0,0,1,0,0,0,0,0,0,0,0
0.982689863229,-0.873176207318,-1.02395896328,2.0,Public-Enemies,1,97030725.0,2009.0,7.0,3.0,0,1,1,0,0,0,0,0,0,0,0,0,0,0,0,0,0,1,0,1,0,0,0,0,0,1
-0.283159838305,-1.46968553038,1.5750585808,1.0,Pulp-Fiction,0,107930000.0,1994.0,8.9,3.0,0,1,0,0,0,0,0,0,0,0,0,0,0,0,0,0,0,1,0,0,0,0,0,0,0,0
0.653235322782,-1.63783808676,0.0632230477902,1.0,Queen-of-the-Damned,1,30307804.0,2002.0,5.3,3.0,0,0,0,0,0,0,0,1,0,0,0,0,0,0,0,0,0,1,0,0,0,0,0,1,0,0
1.70563492122,-0.377431161539,-1.70315519255,2.0,Rachel-Getting-Married,1,12796277.0,2008.0,6.7,3.0,0,0,1,0,0,0,0,0,0,0,0,0,0,0,0,0,0,1,0,0,0,0,0,0,0,0
0.89899639887,-1.01619488337,-1.20837626159,2.0,Rambling-Rose,1,6266621.0,1991.0,6.7,3.0,0,0,0,0,0,0,0,0,0,0,0,0,0,0,0,0,0,1,0,0,0,0,0,0,0,0
1.97133587902,-1.1684213138,0.649081198106,1.0,"Reader,-The",0,34180954.0,2008.0,7.6,3.0,0,0,1,0,0,0,0,0,0,0,0,0,0,0,0,0,0,1,0,0,0,0,0,0,0,0
-1.1782905316,0.635793952851,0.653800654229,3.0,Red-Riding-Hood,0,37652565.0,2011.0,5.4,1.0,0,0,0,0,0,0,0,1,0,0,0,0,1,0,1,0,0,0,0,0,0,0,0,1,0,0
0.542603999378,-0.150164683184,-0.0196074677187,2.0,Reindeer-Games,1,23360779.0,2000.0,5.7,3.0,0,1,0,0,0,0,0,0,0,0,0,0,1,0,0,0,0,0,1,0,0,1,0,0,0,0
-0.696854890098,0.00492402983118,1.06797753636,3.0,"Relic,-The",0,33927476.0,1997.0,5.7,3.0,1,0,0,0,0,0,0,1,0,0,0,0,1,0,1,0,0,0,0,0,0,0,0,0,0,0
-0.0835498195636,-0.423346743528,-0.117324923117,3.0,Remember-Me,0,19057024.0,2010.0,7.2,1.0,0,0,1,0,0,0,0,0,0,0,0,0,0,0,0,0,0,1,0,0,0,0,0,0,0,0
0.41800314255,-0.790051659184,-0.0902703799195,2.0,"Replacements,-The",1,44737059.0,2000.0,6.5,1.0,0,0,0,0,0,1,0,0,0,0,0,0,0,0,0,0,0,0,0,0,0,0,0,0,1,0
-1.92492612847,1.32950587232,1.02969711829,3.0,Reservoir-Dogs,0,2812029.0,1992.0,8.4,3.0,0,1,0,0,0,0,0,0,0,0,0,0,1,0,0,0,0,1,0,0,0,0,0,0,0,0
0.283788906205,-0.0438788846323,0.263927636951,3.0,"Revenant,-The",1,183635922.0,2015.0,8.0,3.0,0,0,0,0,0,0,0,0,0,0,0,0,1,1,0,0,0,1,0,0,0,1,0,0,0,0
1.39242658987,-0.686984888091,-0.220660196308,2.0,Revolutionary-Road,1,22877808.0,2008.0,7.3,3.0,0,0,1,0,0,0,0,0,0,0,0,0,0,0,0,0,0,1,0,0,0,0,0,0,0,0
0.573781876756,-0.827395626026,0.441778548292,1.0,Rise-of-the-Guardians,0,103400692.0,2012.0,7.3,1.0,0,0,0,1,0,0,0,0,0,0,0,0,0,0,0,0,0,0,0,0,1,1,0,1,0,0
0.302689747509,-2.78750802764,1.36047333476,1.0,Rise-of-the-Planet-of-the-Apes,0,176740650.0,2011.0,7.6,1.0,1,0,0,0,0,0,0,0,0,0,0,0,1,0,0,0,0,1,1,0,0,0,0,0,0,0
-0.386120418299,-0.493859495154,1.81443802999,3.0,"Road,-The",0,68525609.0,2000.0,6.5,3.0,0,0,0,0,0,1,0,0,0,0,0,0,0,0,0,0,0,0,0,0,0,1,0,0,0,0
0.218632883816,-1.04770183332,1.36793012177,1.0,RocknRolla,0,5694401.0,2008.0,7.3,3.0,0,1,0,0,0,0,0,0,0,0,0,0,1,0,0,0,0,0,1,0,0,0,0,0,0,0
0.453491927013,1.79852267459,-2.07994968877,0.0,Romeo-&-Julie,1,46338728.0,1996.0,6.8,1.0,0,0,1,0,0,0,0,0,0,0,0,0,0,0,0,0,0,1,0,0,0,0,0,0,0,0
0.619093026616,0.168549878011,-0.666293250815,2.0,Ronin,1,41609593.0,1998.0,7.3,3.0,0,1,0,0,0,0,0,0,0,0,0,0,1,0,0,0,0,0,1,0,0,1,0,0,0,0
0.18825922485,0.505004251539,-1.18832959264,2.0,"Ruins,-The",1,17427926.0,2008.0,5.9,3.0,0,0,0,0,0,0,0,1,0,0,0,0,0,0,0,0,0,0,0,0,0,0,0,0,0,0
0.986255198814,-0.270857851171,0.592300594405,1.0,Runaway-Bride,1,152149590.0,1999.0,5.5,1.0,0,0,1,0,0,1,0,0,0,0,0,0,0,0,0,0,0,0,0,0,0,0,0,0,0,0
0.335741497783,-0.672843855301,1.69715047715,1.0,Rush-Hour-2,0,226138454.0,2001.0,6.6,1.0,0,1,0,0,0,1,0,0,0,0,0,0,1,0,0,0,0,0,1,0,0,0,0,0,0,0
1.91827858278,-0.835613407025,-0.0437569967173,2.0,Rushmore,0,17096053.0,1998.0,7.7,3.0,0,0,0,0,0,1,0,0,0,0,0,0,0,0,0,0,0,1,0,0,0,0,0,0,0,0
-1.06228625762,1.37248488083,0.017843478907,0.0,Rust-and-Bone,0,2061449.0,2012.0,7.5,3.0,0,0,1,0,0,0,0,0,0,0,0,0,0,0,0,0,0,1,0,0,0,0,0,0,0,0
-0.311122112299,-0.588170066347,-0.130336496908,3.0,"Salton-Sea,-The",1,676698.0,2002.0,7.2,3.0,0,1,0,0,0,0,0,0,0,0,0,0,1,0,1,0,0,1,0,0,0,0,0,0,0,0
-0.59786028066,-0.656941108168,0.866329239244,3.0,"Sandlot-Kids,-The",1,32416586.0,1993.0,7.8,1.0,0,0,0,0,0,1,0,0,0,0,0,0,0,0,0,0,0,1,0,0,1,0,0,0,1,0
-0.375947902124,-0.633237974912,-0.508406078352,3.0,Save-the-Last-Dance,0,91038276.0,2001.0,6.2,1.0,0,0,1,0,1,0,0,0,0,0,0,0,0,0,0,0,0,1,0,0,0,0,0,0,0,0
0.121987991224,-0.684813092104,-1.54670069307,2.0,Saving-Mr.-Banks,1,83299761.0,2013.0,7.5,1.0,0,0,0,0,1,1,0,0,0,0,0,0,0,0,0,0,0,1,0,0,1,0,0,0,0,1
-0.555936470175,0.656901667436,-0.858337605201,0.0,Saving-Private-Ryan,1,216119491.0,1998.0,8.6,3.0,0,0,0,0,0,0,1,0,0,0,0,0,0,0,0,0,0,1,0,0,0,0,0,0,0,0
1.42596684338,1.92102941089,-3.15980755776,0.0,Saw,0,55153403.0,2004.0,7.7,3.0,0,0,0,0,0,0,0,1,0,0,0,0,1,0,1,0,0,0,0,0,0,0,0,0,0,0
0.180566230401,-0.641296903158,-0.171233136379,2.0,Schindler's-Lis,1,96067179.0,1993.0,8.9,3.0,0,0,0,0,0,0,0,0,0,0,0,0,0,0,0,0,0,1,0,1,0,0,0,0,0,1
-0.862869653765,0.683414212573,-0.891676040448,0.0,Scott-Pilgrim-vs-the-World,1,31494270.0,2010.0,7.5,1.0,0,0,1,0,0,1,0,0,0,0,0,0,0,0,0,0,0,0,1,0,0,0,0,1,0,0
0.449118518201,-0.133042009387,0.0772858366084,2.0,Scream-2,0,101334374.0,1997.0,6.1,3.0,0,0,0,0,0,0,0,1,0,0,0,0,0,0,1,0,0,0,0,0,0,0,0,0,0,0
0.0211178921898,-1.42373115811,1.78352076911,1.0,Scream-3,0,89138076.0,2000.0,5.5,3.0,0,0,0,0,0,0,0,1,0,0,0,0,0,0,1,0,0,0,0,0,0,0,0,0,0,0
1.10857289309,-0.486870219911,-0.131013953591,2.0,Se7en,0,100125340.0,1995.0,8.6,3.0,0,1,0,0,0,0,0,0,0,0,0,0,1,0,1,0,0,1,0,0,0,0,0,0,0,0
0.968536824953,-2.19308791852,0.983462446384,1.0,Semi-Pro,0,33472850.0,2008.0,5.8,3.0,0,0,0,0,0,1,0,0,0,0,0,0,0,0,0,0,0,0,0,0,0,0,0,0,1,0
-1.36163604807,1.11500875631,-1.13563423229,0.0,Sense-and-Sensibility,1,42700000.0,1995.0,7.7,1.0,0,0,1,0,0,0,0,0,0,0,0,0,0,0,0,0,0,1,0,0,0,0,0,0,0,0
-0.108681347504,-0.764245806131,0.123043145848,3.0,Serenity,1,25335935.0,2005.0,8.0,1.0,1,0,0,0,0,0,0,0,0,0,0,0,1,0,0,0,0,0,1,0,0,1,0,0,0,0
0.253168823395,-1.7221707775,0.78731239285,1.0,Serial-Mo,1,7881335.0,1994.0,6.7,3.0,0,1,0,0,0,1,0,1,0,0,0,0,1,0,0,0,0,0,0,0,0,0,0,0,0,0
0.028217979975,0.911408082186,-0.592590051628,0.0,"Sessions,-The",1,5997134.0,2012.0,7.2,3.0,0,0,1,0,0,1,0,0,0,0,0,0,0,0,0,0,0,1,0,0,0,0,0,0,0,1
0.26509769903,0.314482264211,0.255537471363,3.0,Shakespeare-in-Love,0,100241322.0,1998.0,7.2,3.0,0,0,1,0,0,1,0,0,0,0,0,0,0,0,0,0,0,1,0,1,0,0,0,0,0,0
-1.43586358961,-0.470078468058,1.95360362817,3.0,Shallow-Grave,0,2881508.0,1994.0,7.4,3.0,0,1,0,0,0,0,0,0,0,0,0,0,1,0,0,0,0,0,0,0,0,0,0,0,0,0
0.0301502992032,1.44291748823,0.0979060848338,0.0,"Shawshank-Redemption,-The",0,28341469.0,1994.0,9.3,3.0,0,1,0,0,0,0,0,0,0,0,0,0,0,0,0,0,0,1,0,0,0,0,0,0,0,0
1.56952762227,0.68172340418,-0.747877767172,2.0,She's-Out-of-My-League,0,31584722.0,2010.0,6.4,3.0,0,0,1,0,0,1,0,0,0,0,0,0,0,0,0,0,0,0,0,0,0,0,0,0,0,0
-0.975960290992,0.238098387701,0.25017711066,3.0,Sherlock-Holmes,1,209019489.0,2009.0,7.6,1.0,0,1,0,0,0,0,0,0,0,0,0,0,1,0,1,0,0,0,1,0,0,1,0,0,0,0
1.23674098507,-0.146898624672,0.101854316109,2.0,"Shipping-News,-The",0,11405825.0,2001.0,6.8,3.0,0,0,0,0,0,0,0,0,0,0,0,0,0,0,0,0,0,1,0,0,0,0,0,0,0,0
-0.00750782440604,-1.59167893265,-1.00175416892,2.0,Shrek-the-Third,1,320706665.0,2007.0,6.1,1.0,0,0,0,1,0,1,0,0,0,0,0,0,0,0,0,0,0,0,0,0,1,1,0,1,0,0
1.63495991139,-1.98559824547,0.981730074013,1.0,Shrek,0,267652016.0,2001.0,7.9,1.0,0,0,0,1,0,1,0,0,0,0,0,0,0,0,0,0,0,0,0,0,1,1,0,1,0,0
-0.0353753207837,-1.08781821112,0.401912828108,1.0,Sideways,1,71502303.0,2004.0,7.5,3.0,0,0,1,0,0,1,0,0,0,0,0,0,0,0,0,0,0,1,0,0,0,0,0,0,0,0
1.07152292233,0.148980408771,-1.05582723338,2.0,Signs,1,227965690.0,2002.0,6.7,1.0,1,0,0,0,0,0,0,0,0,0,0,0,1,0,1,0,0,1,0,0,0,0,0,0,0,0
1.0854408034,-2.63462723481,1.63894988288,1.0,Silver-Linings-Playbook,1,132088910.0,2012.0,7.8,3.0,0,0,1,0,0,1,0,0,0,0,0,0,0,0,0,0,0,1,0,0,0,0,0,0,0,0
2.06897740541,-0.926191898672,0.214358950774,1.0,Simone,1,9680913.0,2002.0,6.1,1.0,1,0,0,0,0,1,0,0,0,0,0,0,0,0,0,0,0,1,0,0,0,0,0,0,0,0
0.75811308544,-1.29675618292,-0.379493906322,2.0,Single-White-Female,0,47922919.0,1992.0,6.3,3.0,0,0,0,0,0,0,0,0,0,0,0,0,1,0,0,0,0,1,0,0,0,0,0,0,0,0
2.61548358623,-1.39561843858,1.33878044262,1.0,Sister-Ac,1,139610000.0,1992.0,6.3,1.0,0,1,0,0,1,1,0,0,0,0,0,0,0,0,0,0,0,0,0,0,1,0,0,0,0,0
1.63963106564,-1.71593708631,0.767242736653,1.0,Six-Degrees-of-Separation,0,6410676.0,1993.0,6.9,3.0,0,0,0,0,0,1,0,0,0,0,0,0,0,0,1,0,0,1,0,0,0,0,0,0,0,0
-0.521645014345,0.814100972064,-0.769807142284,0.0,Sleepless-in-Seattle,1,126670704.0,1993.0,6.8,1.0,0,0,1,0,0,1,0,0,0,0,0,0,0,0,0,0,0,1,0,0,0,0,0,0,0,0
-0.250954623917,-0.524997099071,0.406470768782,3.0,Sling-Blade,1,24475416.0,1996.0,8.0,3.0,0,0,0,0,0,0,0,0,0,0,0,0,0,0,0,0,0,1,0,0,0,0,0,0,0,0
-0.625652678417,0.386183456265,-0.530559989325,0.0,Slither,0,7774730.0,2006.0,6.5,3.0,1,0,0,0,0,1,0,1,0,0,0,0,0,0,0,0,0,0,0,0,0,0,0,0,0,0
-0.306492344923,0.627930305464,-0.630736480775,0.0,Slumdog-Millionaire,1,141319195.0,2008.0,8.0,3.0,0,0,0,0,0,0,0,0,0,0,0,0,0,0,0,0,0,1,0,0,0,0,0,0,0,0
-0.421457485691,0.112259735671,0.442720774807,3.0,Smashed,0,375981.0,2012.0,6.8,3.0,0,0,0,0,0,0,0,0,0,0,0,0,0,0,0,0,0,1,0,0,0,0,0,0,0,0
-0.0762444764869,-0.120876059449,-0.596939908087,2.0,Smokin'-Aces,0,35635046.0,2006.0,6.7,3.0,0,1,0,0,0,0,0,0,0,0,0,0,1,0,0,0,0,1,1,0,0,0,0,0,0,0
0.00473836978565,-0.240788358636,0.115403169568,3.0,Snow-Falling-On-Cedars,1,14378353.0,1999.0,6.8,1.0,0,0,1,0,0,0,0,0,0,0,0,0,1,0,1,0,0,1,0,0,0,0,0,0,0,0
-1.74701359171,-0.552941863961,0.583782432501,3.0,Snow-White-and-the-Huntsman,0,155111815.0,2012.0,6.1,1.0,0,0,0,0,0,0,0,0,0,0,0,0,0,0,0,0,0,1,1,0,0,1,0,1,0,0
2.6535204276,-0.117443314132,-1.91536731705,2.0,So-I-Married-an-Axe-Murderer,1,11585483.0,1993.0,6.4,1.0,0,0,1,0,0,1,0,0,0,0,0,0,0,0,0,0,0,0,0,0,0,0,0,0,0,0
-0.73331679685,1.20605178579,-0.933722158826,0.0,"Social-Network,-The",1,96917897.0,2010.0,7.7,1.0,0,0,0,0,0,0,0,0,0,0,0,0,0,0,0,0,0,1,0,0,0,0,0,0,0,1
0.285611826444,-1.07566206448,0.652405170315,1.0,Soldier,1,14567883.0,1998.0,6.0,3.0,1,0,0,0,0,0,0,0,0,0,0,0,0,0,0,0,0,1,1,0,0,0,0,0,0,0
-0.0786845524114,-0.610161452842,1.37746843504,1.0,Something's-Gotta-Give,0,124590960.0,2003.0,6.7,1.0,0,0,1,0,0,1,0,0,0,0,0,0,0,0,0,0,0,1,0,0,0,0,0,0,0,0
0.157385959719,-0.172098573331,-0.211561206236,2.0,Source-Code,1,54696902.0,2011.0,7.5,1.0,1,0,1,0,0,0,0,0,0,0,0,0,1,0,1,0,0,0,0,0,0,0,0,0,0,0
-0.680894200976,0.675917827151,-1.48690476458,0.0,Spanglis,1,42044321.0,2004.0,6.4,1.0,0,0,1,0,0,1,0,0,0,0,0,0,0,0,0,0,0,1,0,0,0,0,0,0,0,0
0.522330182874,-0.571983129454,0.190116567619,1.0,Spartan,0,4357745.0,2004.0,6.6,3.0,0,1,0,0,0,0,0,0,0,0,0,0,1,0,1,0,0,1,1,0,0,0,0,0,0,0
-0.556830084653,0.424426082086,-0.147332933478,3.0,Sphere,0,36976367.0,1998.0,6.0,1.0,1,0,0,0,0,0,0,1,0,0,0,0,1,0,1,0,0,1,0,0,0,0,0,0,0,0
0.79998068641,0.695921966523,-0.893054550645,2.0,Spider-Man,1,403706375.0,2002.0,7.3,1.0,0,0,0,0,0,0,0,0,0,0,0,0,0,0,0,0,0,0,1,0,0,1,0,0,0,0
0.275110355362,-1.112326845,0.973315201058,1.0,Star-Trek-First-Contac,0,92001027.0,1996.0,7.6,1.0,1,0,0,0,0,0,0,0,0,0,0,0,1,0,0,0,0,1,1,0,0,1,0,0,0,0
-1.18390430089,-0.675109271297,0.37698667089,3.0,Star-Trek-Generations,1,75668868.0,1994.0,6.6,1.0,1,0,0,0,0,0,0,0,0,0,0,0,1,0,1,0,0,0,1,0,0,1,0,0,0,0
0.506889646263,-1.6420898033,0.355972622164,1.0,Star-Trek-II-The-Wrath-of-Khan,1,78900000.0,1982.0,7.7,1.0,1,0,0,0,0,0,0,0,0,0,0,0,0,0,0,0,0,0,1,0,0,1,0,0,0,0
-0.899731240522,0.0710765617902,-1.0338725232,0.0,Star-Trek-Nemesis,1,43119879.0,2002.0,6.4,1.0,1,0,0,0,0,0,0,0,0,0,0,0,1,0,0,0,0,0,1,0,0,1,0,0,0,0
0.204367903366,0.116668524916,0.239789284092,3.0,Star-Trek-The-Motion-Picture,1,82300000.0,1979.0,6.4,1.0,1,0,0,0,0,0,0,0,0,0,0,0,0,0,1,0,0,0,0,0,0,1,0,0,0,0
0.0269473075391,-0.0162044759887,0.89701252524,3.0,Star-Wars-A-New-Hope,0,460935665.0,1977.0,8.7,1.0,1,0,0,0,0,0,0,0,0,0,0,0,0,0,0,0,0,0,1,0,0,1,0,1,0,0
-0.383365827165,1.64688541994,-1.58275828936,0.0,Star-Wars-Attack-of-the-Clones,1,310675583.0,2002.0,6.7,1.0,1,0,0,0,0,0,0,0,0,0,0,0,0,0,0,0,0,0,1,0,0,1,0,1,0,0
-0.658718408926,0.475842035456,-0.476475971841,0.0,Star-Wars-Revenge-of-the-Si,1,380262555.0,2005.0,7.6,1.0,1,0,0,0,0,0,0,0,0,0,0,0,0,0,0,0,0,0,1,0,0,1,0,1,0,0
0.190899788289,0.071121561567,-0.239622692085,2.0,Star-Wars-The-Force-Awakens,0,936627416.0,2015.0,8.1,1.0,1,0,0,0,0,0,0,0,0,0,0,0,0,0,0,0,0,0,1,0,0,1,0,1,0,0
-0.0102869637821,1.09896821688,2.00037356847,3.0,Star-Wars-The-Phantom-Menace,0,474544677.0,1999.0,6.5,1.0,1,0,0,0,0,0,0,0,0,0,0,0,0,0,0,0,0,0,1,0,0,1,0,1,0,0
-0.237825665347,0.296235726911,-0.391228196523,3.0,Starship-Troopers,0,54700065.0,1997.0,7.2,3.0,1,0,0,0,0,0,0,0,0,0,0,0,1,0,0,0,0,0,1,0,0,1,0,0,0,0
0.599717246918,-0.989733382808,0.257182297563,1.0,State-and-Main,1,6920692.0,2000.0,6.8,3.0,0,0,0,0,0,1,0,0,0,0,0,0,0,0,0,0,0,1,0,0,0,0,0,0,0,0
0.909908396661,-0.873794852018,-0.412557128653,2.0,Stir-of-Echoes,1,21133087.0,1999.0,7.0,3.0,0,0,0,0,0,0,0,1,0,0,0,0,1,0,1,0,0,0,0,0,0,0,0,0,0,0
1.24864130887,-0.220486276375,1.64438627405,1.0,Storytelling,0,912442.0,2001.0,6.9,3.0,0,0,1,0,0,1,0,0,0,0,0,0,0,0,0,0,0,1,0,0,0,0,0,0,0,0
0.489740877252,-0.742330734115,0.359087446846,1.0,Strange-Days,0,7919000.0,1995.0,7.2,3.0,1,1,0,0,0,0,0,0,0,0,0,0,1,0,0,0,0,1,1,0,0,0,0,0,0,0
0.932386558209,-0.199578589764,-1.09331089972,2.0,Sugar,0,1081922.0,2008.0,7.2,3.0,0,0,0,0,0,0,0,0,0,0,0,0,0,0,0,0,0,1,0,0,0,0,0,0,1,0
-0.0317195455309,1.6717967295,-1.26585315847,0.0,Sunshine-Cleaning,0,12055108.0,2008.0,6.9,3.0,0,0,0,0,0,1,0,0,0,0,0,0,0,0,0,0,0,1,0,0,0,0,0,0,0,0
-0.340582516264,1.21100324077,-1.12849980472,0.0,Superbad,1,121463226.0,2007.0,7.6,3.0,0,0,0,0,0,1,0,0,0,0,0,0,0,0,0,0,0,0,0,0,0,0,0,0,0,0
-0.453716670476,0.571378831576,-1.10955419243,0.0,Surrogates,1,38542418.0,2009.0,6.3,1.0,1,0,0,0,0,0,0,0,0,0,0,0,1,0,0,0,0,0,1,0,0,0,0,0,0,0
-0.0370048587804,-0.036533807454,0.795348437833,3.0,Suspect-Zero,0,8712564.0,2004.0,5.9,3.0,0,1,0,0,0,0,0,0,0,0,0,0,1,0,1,0,0,1,0,0,0,0,0,0,0,0
2.51795273342,0.202751936901,0.369699246463,2.0,Sweeney-Todd-The-Demon-Barber-of-Fleet-Stree,0,52882759.0,2007.0,7.4,3.0,0,0,0,0,0,0,0,1,0,0,1,0,1,0,0,0,0,1,0,0,0,0,0,0,0,0
-1.03203334499,0.709425430893,-0.220491051074,0.0,"Sweet-Hereafter,-The",1,4306697.0,1997.0,7.7,3.0,0,0,0,0,0,0,0,0,0,0,0,0,0,0,0,0,0,1,0,0,0,0,0,0,0,0
-0.398564004379,-0.82206910325,0.32959984887,3.0,Swordfis,1,69772969.0,2001.0,6.5,3.0,0,1,0,0,0,0,0,0,0,0,0,0,1,0,0,0,0,0,1,0,0,0,0,0,0,0
1.0200328161,0.311808733246,-0.344587445179,2.0,"Synecdoche,-New-York",1,3081925.0,2008.0,7.5,3.0,0,0,0,0,0,1,0,0,0,0,0,0,0,0,0,0,0,1,0,0,0,0,0,0,0,0
0.883785803529,-0.355011983458,-1.27913943512,2.0,Syriana,1,50815288.0,2005.0,7.0,3.0,0,0,0,0,0,0,0,0,0,0,0,0,1,0,0,0,0,1,0,0,0,0,0,0,0,0
-0.637805658931,0.992834338984,0.0377469154087,3.0,Take-Shelter,1,1729969.0,2011.0,7.4,3.0,0,0,0,0,0,0,0,0,0,0,0,0,1,0,0,0,0,1,0,0,0,0,0,0,0,0
0.0423194954361,0.01465572318,0.44296941268,3.0,Taking-Lives,0,32682342.0,2004.0,6.2,3.0,0,1,0,0,0,0,0,0,0,0,0,0,1,0,1,0,0,0,0,0,0,0,0,0,0,0
0.620330270645,-1.03591902858,-0.725291596819,2.0,"Talented-Mr.-Ripley,-The",1,81292135.0,1999.0,7.3,3.0,0,1,0,0,0,0,0,0,0,0,0,0,1,0,0,0,0,1,0,0,0,0,0,0,0,0
-0.345336951772,1.41574220355,-0.779009983542,0.0,Tamara-Drewe,0,560101.0,2010.0,6.2,3.0,0,0,1,0,0,1,0,0,0,0,0,0,0,0,0,0,0,1,0,0,0,0,0,0,0,0
-0.385877649749,0.954414395967,-0.442597338192,0.0,Ted,0,218628680.0,2012.0,7.0,3.0,0,0,0,0,0,1,0,0,0,0,0,0,0,0,0,0,0,0,0,0,0,0,0,1,0,0
0.599294318872,-0.993587140136,0.729340266218,1.0,Terminator-2-Judgement-Day,0,204843350.0,1991.0,8.5,3.0,1,0,0,0,0,0,0,0,0,0,0,0,0,0,0,0,0,0,1,0,0,0,0,0,0,0
0.926444759415,-1.30823108737,1.20626066653,1.0,Terminator-Salvation,0,125320003.0,2009.0,6.6,1.0,1,0,0,0,0,0,0,0,0,0,0,0,0,0,0,0,0,0,1,0,0,1,0,0,0,0
0.198384895426,-1.00350383144,1.69464605272,1.0,The-Rage-Carrie-2,0,17757087.0,1999.0,4.6,3.0,1,0,0,0,0,0,0,1,0,0,0,0,1,0,0,0,0,0,0,0,0,0,0,0,0,0
-0.528682099416,1.19833469966,0.144440615257,0.0,Thelma-&-Louise,0,45361000.0,1991.0,7.4,3.0,0,1,0,0,0,0,0,0,0,0,0,0,0,0,0,0,0,1,0,0,0,1,0,0,0,0
-2.60924781389,0.677524163314,0.541131943883,3.0,They,0,12693621.0,2002.0,4.8,1.0,0,0,0,0,0,0,0,1,0,0,0,0,1,0,1,0,0,0,0,0,0,0,0,0,0,0
0.232333086145,0.0756508295649,-0.0723800737762,2.0,Thirteen-Days,1,34566746.0,2000.0,7.3,1.0,0,0,0,0,0,0,0,0,0,0,0,0,1,0,0,0,0,1,0,1,0,0,0,0,0,0
1.69181920321,-0.252273272908,-0.467816718868,2.0,This-Boy's-Life,0,4104962.0,1993.0,7.3,3.0,0,0,0,0,0,0,0,0,0,0,0,0,0,0,0,0,0,1,0,0,0,0,0,0,0,1
0.128883369168,-0.692728039717,0.335999607263,1.0,This-is-40,0,67523385.0,2012.0,6.2,3.0,0,0,1,0,0,1,0,0,0,0,0,0,0,0,0,0,0,0,0,0,0,0,0,0,0,0
-1.5741606031,0.659256412989,-0.442066023024,0.0,Thor,1,181015141.0,2011.0,7.0,1.0,1,0,0,0,0,0,0,0,0,0,0,0,0,0,0,0,0,0,1,0,0,1,0,1,0,0
-0.668939430144,0.476482366784,0.004150157348,3.0,Three-Kings-(Spoils-of-War),1,60652036.0,1999.0,7.1,3.0,0,0,0,0,0,1,1,0,0,0,0,0,0,0,0,0,0,1,1,0,0,1,0,0,0,0
-0.635243779298,-1.26005047286,0.317067650974,3.0,Three-Kings,1,60652036.0,1999.0,7.1,3.0,0,0,0,0,0,1,1,0,0,0,0,0,0,0,0,0,0,1,1,0,0,1,0,0,0,0
0.586390167396,-1.10147629182,1.56700509833,1.0,"Three-Musketeers,-The",0,20315324.0,2011.0,5.8,1.0,0,0,1,0,0,0,0,0,0,0,0,0,0,0,0,0,0,0,1,0,0,1,0,0,0,0
-0.713179136886,0.464288413959,-0.835591414019,0.0,Thunderhear,0,22660758.0,1992.0,6.8,3.0,0,1,0,0,0,0,0,0,0,0,0,0,1,0,1,0,0,0,0,0,0,0,0,0,0,0
1.05522654915,-0.31730464756,-1.31501165692,2.0,"Time-Machine,-The",0,50213619.0,2010.0,6.4,3.0,1,0,0,0,0,1,0,0,0,0,0,0,0,0,0,0,0,0,0,0,0,0,0,0,0,0
-0.841719512055,-0.0909121980479,0.297545622614,3.0,Tin-Cup,1,53854588.0,1996.0,6.3,3.0,0,0,1,0,0,1,0,0,0,0,0,0,0,0,0,0,0,1,0,0,0,0,0,0,1,0
-0.456705978671,0.215302715127,-0.237129891452,3.0,Tinker-Tailor-Soldier-Spy,0,24104113.0,2011.0,7.1,3.0,0,0,0,0,0,0,0,0,0,0,0,0,1,0,1,0,0,1,0,0,0,0,0,0,0,0
1.02613716365,1.02820177859,-3.55007249629,2.0,Titanic,0,658672302.0,1997.0,7.7,1.0,0,0,1,0,0,0,0,0,0,0,0,0,0,0,0,0,0,1,0,0,0,0,0,0,0,0
1.0712285196,0.515962971188,-1.25500738827,2.0,TMNT,0,54132596.0,2007.0,6.3,1.0,1,0,0,1,0,1,0,0,0,0,0,0,0,0,0,0,0,0,1,0,1,1,0,1,0,0
-0.00962467525225,0.422482240487,-2.03040777207,0.0,Tombstone,1,56505065.0,1993.0,7.8,3.0,0,0,1,0,0,0,0,0,0,0,0,0,0,1,0,0,0,1,1,1,0,0,0,0,0,1
-0.791794786037,1.07854990449,-1.04090475449,0.0,Tomorrow-Never-Dies,1,125332007.0,1997.0,6.5,1.0,0,0,0,0,0,0,0,0,0,0,0,0,1,0,0,0,0,0,1,0,0,1,0,0,0,0
0.721798386398,-1.53821731296,2.03440586118,1.0,"Tourist,-The",0,67631157.0,2010.0,6.0,1.0,0,0,1,0,0,0,0,0,0,0,0,0,1,0,0,0,0,0,1,0,0,0,0,0,0,0
-0.943046850396,0.852803446485,0.183741572065,3.0,Traffic,0,124107476.0,2000.0,7.6,3.0,0,1,0,0,0,0,0,0,0,0,0,0,1,0,0,0,0,1,0,0,0,0,0,0,0,0
2.82562241614,-2.39124205952,1.0682847768,1.0,Trainspotting,1,16501785.0,1996.0,8.2,3.0,0,0,0,0,0,0,0,0,0,0,0,0,0,0,0,0,0,1,0,0,0,0,0,0,0,0
0.691122887628,0.0965046003542,1.43820992894,1.0,Tristan-and-Isolde,0,14732623.0,2006.0,6.9,1.0,0,0,1,0,0,0,0,0,0,0,0,0,0,0,0,0,0,1,0,0,0,0,0,0,0,0
0.0800192977518,-1.27530018176,1.00704114273,1.0,TRON-Legacy,1,172051787.0,2010.0,6.8,1.0,1,0,0,0,0,0,0,0,0,0,0,0,0,0,0,0,0,0,1,0,0,1,0,0,0,0
-0.698652924846,1.26201566134,0.0986377365027,0.0,Tropic-Thunder,1,110416702.0,2008.0,7.0,3.0,0,0,0,0,0,1,0,0,0,0,0,0,0,0,0,0,0,0,1,0,0,0,0,0,0,0
0.389384211572,-0.0816332201059,-0.239633197888,2.0,True-Gri,1,171031347.0,2010.0,7.7,1.0,0,0,0,0,0,0,0,0,0,0,0,0,0,1,0,0,0,1,0,0,0,1,0,0,0,0
-0.55293986547,0.772714551889,-0.0650441127114,3.0,True-Lies,1,146282411.0,1994.0,7.2,3.0,0,0,0,0,0,1,0,0,0,0,0,0,1,0,0,0,0,0,1,0,0,0,0,0,0,0
-0.00399570127364,0.139145961891,0.156952917063,3.0,"Truman-Show,-The",1,125603360.0,1998.0,8.1,1.0,1,0,0,0,0,1,0,0,0,0,0,0,0,0,0,0,0,1,0,0,0,0,0,0,0,0
-1.12651791932,-0.206814475622,0.676856431812,3.0,Twilig,0,191449475.0,2008.0,5.2,1.0,0,0,1,0,0,0,0,0,0,0,0,0,0,0,0,0,0,1,0,0,0,0,0,1,0,0
-1.59168807046,0.732227606852,-0.445791204815,0.0,Twilight-New-Moon,1,296623634.0,2009.0,4.6,1.0,0,0,1,0,0,0,0,0,0,0,0,0,0,0,0,0,0,1,0,0,0,1,0,1,0,0
-0.201804790383,0.216376603316,-0.185307123742,3.0,Two-For-The-Money,0,22862049.0,2005.0,6.2,3.0,0,0,0,0,0,0,0,0,0,0,0,0,1,0,0,0,0,1,0,0,0,0,0,0,1,0
0.016327227437,0.291410830404,-1.61634431326,2.0,U-Turn,1,6633400.0,1997.0,6.8,3.0,0,1,0,0,0,0,0,0,0,0,0,0,1,0,0,0,0,1,0,0,0,0,0,0,0,0
-0.516177313754,-0.504096195936,-0.563411633146,3.0,"Ugly-Truth,-The",1,88915214.0,2009.0,6.5,3.0,0,0,1,0,0,1,0,0,0,0,0,0,0,0,0,0,0,0,0,0,0,0,0,0,0,0
-0.651695948942,0.828543864384,-0.146243362132,0.0,Unbreakable,1,94999143.0,2000.0,7.2,1.0,1,0,0,0,0,0,0,0,0,0,0,0,1,0,1,0,0,1,0,0,0,0,0,0,0,0
-0.48353761911,0.0446460678147,0.0389318061533,3.0,Unknown,0,61094903.0,2011.0,6.9,1.0,0,0,0,0,0,0,0,0,0,0,0,0,1,0,1,0,0,0,1,0,0,0,0,0,0,0
-0.472056084822,0.64200023959,-0.225041922174,3.0,Up-in-the-Air,1,83813460.0,2009.0,7.4,3.0,0,0,1,0,0,0,0,0,0,0,0,0,0,0,0,0,0,1,0,0,0,0,0,0,0,0
0.279426004444,0.122155645254,-0.0476420279439,2.0,Up,0,292979556.0,2009.0,8.3,1.0,0,0,0,1,0,1,0,0,0,0,0,0,0,0,0,0,0,0,0,0,1,1,0,0,0,0
-0.432995362728,-1.1145349024,1.32854574969,1.0,V-for-Vendetta,0,70496802.0,2005.0,8.2,3.0,0,0,0,0,0,0,0,0,0,0,0,0,1,0,0,0,0,1,1,0,0,0,0,0,0,0
0.853787702028,-0.878891901513,0.393166527864,1.0,Valkyrie,0,83077470.0,2008.0,7.1,1.0,0,0,0,0,0,0,1,0,0,0,0,0,1,0,0,0,0,1,0,1,0,0,0,0,0,0
0.881493222924,-1.766759566,1.06693117576,1.0,Vanilla-Sky,0,100614858.0,2001.0,6.9,3.0,1,0,1,0,0,0,0,0,0,0,0,0,1,0,1,0,0,0,0,0,0,0,0,1,0,0
-0.453353578312,1.67436333191,-1.70140846621,0.0,Very-Bad-Things,1,9801782.0,1998.0,6.3,3.0,0,1,0,0,0,1,0,0,0,0,0,0,1,0,0,0,0,0,0,0,0,0,0,0,0,0
-2.02689748628,1.82917487995,-1.19132046318,0.0,"Village,-The",1,114195633.0,2004.0,6.5,1.0,0,0,0,0,0,0,0,0,0,0,0,0,1,0,1,0,0,1,0,0,0,0,0,0,0,0
0.83599858059,0.335796277017,-1.12993276566,2.0,Virtuosity,1,24048000.0,1995.0,5.5,3.0,1,1,0,0,0,0,0,0,0,0,0,0,1,0,0,0,0,0,1,0,0,0,0,0,0,0
1.36563313986,-0.314371172673,-0.885130810377,2.0,"Visitor,-The",1,9422422.0,2007.0,7.7,1.0,0,0,0,0,0,0,0,0,0,0,0,0,0,0,0,0,0,1,0,0,0,0,0,0,0,0
0.757888121619,0.190016471905,-0.419214857704,2.0,Wag-the-Dog,1,43022524.0,1997.0,7.1,3.0,0,0,0,0,0,1,0,0,0,0,0,0,0,0,0,0,0,1,0,0,0,0,0,0,0,0
0.411750921606,1.27489875719,-0.345460288021,0.0,"Walk-to-Remember,-A",0,41227069.0,2002.0,7.4,1.0,0,0,1,0,0,0,0,0,0,0,0,0,0,0,0,0,0,1,0,0,0,0,0,0,0,0
-1.27988592674,0.208423402533,2.09012296486,3.0,Wall-Stree,0,116866727.0,2013.0,8.2,3.0,0,1,0,0,0,1,0,0,0,0,0,0,0,0,0,0,0,1,0,0,0,0,0,0,0,1
-0.600187919588,0.449345879024,0.161008274714,3.0,Wall-Street-Money-Never-Sleeps,0,52474616.0,2010.0,6.3,1.0,0,0,0,0,0,0,0,0,0,0,0,0,0,0,0,0,0,1,0,0,0,0,0,0,0,0
0.282348023841,1.3622055469,-1.06669385862,0.0,Wanted,1,134568845.0,2008.0,6.7,3.0,0,1,0,0,0,0,0,0,0,0,0,0,1,0,0,0,0,0,1,0,0,0,0,1,0,0
0.398471147401,-0.623437207319,-0.345414247376,2.0,War-Horse,0,79883359.0,2011.0,7.2,1.0,0,0,0,0,0,0,1,0,0,0,0,0,0,0,0,0,0,1,0,0,0,0,0,0,0,0
0.372873708297,1.49150139056,-2.21763474721,0.0,War-of-the-Worlds,1,234277056.0,2005.0,6.5,1.0,1,0,0,0,0,0,0,0,0,0,0,0,1,0,0,0,0,0,0,0,0,1,0,0,0,0
0.842947439976,0.155145072177,0.584183104082,2.0,Warrior,0,13651662.0,2011.0,8.2,1.0,0,0,0,0,0,0,0,0,0,0,0,0,0,0,0,0,0,1,1,0,0,0,0,0,1,0
-0.118341571892,-1.00468719503,0.0490422034997,1.0,Watchmen,1,107503316.0,2009.0,7.6,3.0,1,0,0,0,0,0,0,0,0,0,0,0,0,0,1,0,0,1,1,0,0,0,0,0,0,0
-0.151833157638,1.82312687312,-2.0541876619,0.0,Water-for-Elephants,1,58700247.0,2011.0,6.9,1.0,0,0,1,0,0,0,0,0,0,0,0,0,0,0,0,0,0,1,0,0,0,0,0,0,0,0
0.978772522485,0.780871771507,-1.03155113028,2.0,"Way-Back,-The",1,2677401.0,2010.0,7.3,1.0,0,0,0,0,0,0,0,0,0,0,0,0,0,0,0,0,0,1,0,1,0,1,0,0,0,1
-1.29345801627,-0.726991726143,0.722222635419,3.0,We-Own-the-Nig,0,28563179.0,2007.0,6.9,3.0,0,1,0,0,0,0,0,0,0,0,0,0,1,0,0,0,0,1,0,0,0,0,0,0,0,0
0.0840193081257,-1.22426249823,1.11218707793,1.0,What-Lies-Benea,1,155370362.0,2000.0,6.6,1.0,0,0,0,0,0,0,0,1,0,0,0,0,1,0,1,0,0,1,0,0,0,0,0,1,0,0
0.198064675937,0.174928724362,-0.569224041926,2.0,When-a-Stranger-Calls,1,47860214.0,2006.0,5.0,1.0,0,0,0,0,0,0,0,1,0,0,0,0,1,0,0,0,0,0,0,0,0,0,0,0,0,0
0.302558194237,-0.478266206631,1.0606883852,1.0,"Whistleblower,-The",0,1120914.0,2010.0,7.2,3.0,0,1,0,0,0,0,0,0,0,0,0,0,1,0,0,0,0,1,1,0,0,0,0,0,0,1
0.429332125698,-0.640044657971,0.0909529975451,1.0,"White-Ribbon,-The",1,2222647.0,2009.0,7.8,3.0,0,0,0,0,0,0,0,0,0,0,0,0,0,0,1,0,0,1,0,0,0,0,0,0,0,0
-0.743320547294,0.252308144589,0.466880073306,3.0,White-Squa,0,10300000.0,1996.0,6.6,1.0,0,0,0,0,0,0,0,0,0,0,0,0,0,0,0,0,0,1,0,0,0,1,0,0,0,0
0.768348974789,0.137635532605,-0.150492733048,2.0,Whiteou,0,10268846.0,2009.0,5.5,3.0,0,1,0,0,0,0,0,0,0,0,0,0,1,0,1,0,0,0,1,0,0,0,0,0,0,0
0.453547561553,-0.328882600838,0.709207770322,1.0,Wild-Hogs,0,168213584.0,2007.0,5.9,1.0,0,0,0,0,0,1,0,0,0,0,0,0,0,0,0,0,0,0,1,0,0,1,0,0,0,0
-1.20898538442,-0.35117982773,0.213469690553,3.0,Wild-Things,0,29753944.0,1998.0,6.5,3.0,0,1,0,0,0,0,0,0,0,0,0,0,1,0,1,0,0,1,0,0,0,0,0,0,0,0
-0.378104620738,0.109951820786,-0.666374754288,3.0,Wild-Wild-Wes,1,113745408.0,1999.0,4.8,1.0,1,0,0,0,0,1,0,0,0,0,0,0,0,1,0,0,0,0,1,0,0,0,0,0,0,0
-0.568636792263,-0.85045810458,0.100957060279,3.0,Wind-Chi,0,20146.0,2007.0,5.9,3.0,0,0,0,0,0,0,0,1,0,0,0,0,1,0,0,0,0,1,0,0,0,0,0,0,0,0
-1.73463989877,0.84100667275,-0.201469574551,0.0,"Wolf-of-Wall-Street,-The",0,116866727.0,2013.0,8.2,3.0,0,1,0,0,0,1,0,0,0,0,0,0,0,0,0,0,0,1,0,0,0,0,0,0,0,1
-0.168048697629,-0.0724818929782,0.244566220626,3.0,Wonder-Boys,1,19389454.0,2000.0,7.4,3.0,0,0,0,0,0,1,0,0,0,0,0,0,0,0,0,0,0,1,0,0,0,0,0,0,0,0
-0.581325197629,0.272996213307,0.388353640346,3.0,"Woodsman,-The",0,42069.0,2004.0,7.2,3.0,0,0,1,0,0,0,0,0,0,0,0,0,0,0,0,0,0,1,0,0,0,0,0,0,0,0
0.234936270594,-1.48958766378,0.144999341912,1.0,"World-is-not-Enough,-The",0,126930660.0,1999.0,6.4,1.0,0,0,0,0,0,0,0,0,0,0,0,0,1,0,0,0,0,0,1,0,0,1,0,0,0,0
0.0400547884864,0.66654911119,0.335786783145,3.0,"Wrestler,-The",0,26236603.0,2008.0,7.9,3.0,0,0,0,0,0,0,0,0,0,0,0,0,0,0,0,0,0,1,0,0,0,0,0,0,1,0
-0.278759926597,0.692061892299,0.201739037247,3.0,X-Men-Origins-Wolverine,1,179883016.0,2009.0,6.7,1.0,1,0,0,0,0,0,0,0,0,0,0,0,1,0,0,0,0,0,1,0,0,1,0,0,0,0
0.294769831082,0.235993440782,0.834780348391,3.0,xXx,1,141204016.0,2002.0,5.8,1.0,0,0,0,0,0,0,0,0,0,0,0,0,1,0,0,0,0,0,1,0,0,1,0,0,0,0
-0.629919337028,0.844934004181,0.758910858747,3.0,Year-One,0,43337279.0,2009.0,4.9,1.0,0,0,0,0,0,1,0,0,0,0,0,0,0,0,0,0,0,0,0,0,0,1,0,0,0,0
1.79211709599,-0.152243234469,-1.17540483183,2.0,Yes-Man,1,97680195.0,2008.0,6.8,1.0,0,0,1,0,0,1,0,0,0,0,0,0,0,0,0,0,0,0,0,0,0,0,0,0,0,0
-0.37973764227,0.0562302131285,0.716508316594,3.0,You-Can-Count-On-Me,1,9180275.0,2000.0,7.7,3.0,0,0,0,0,0,0,0,0,0,0,0,0,0,0,0,0,0,1,0,0,0,0,0,0,0,0
0.446171782798,-0.603681105009,1.0206070305,1.0,Youth-in-Revo,0,15281286.0,2009.0,6.5,3.0,0,0,1,0,0,1,0,0,0,0,0,0,0,0,0,0,0,1,0,0,0,0,0,0,0,0
0.374033411865,-0.0889350281211,0.272563697738,3.0,Zero-Dark-Thirty,1,95720716.0,2012.0,7.4,3.0,0,0,0,0,0,0,0,0,0,0,0,0,1,0,0,0,0,1,0,1,0,0,0,0,0,0
