window_0,window_1,window_2,window_3,predicted_cluster,title
-0.946596236381,0.456547515275,0.573536376331,-1.22993455325,1.0,10-Things-I-Hate-About-You
-0.156453575516,1.17845146205,-0.541250622503,1.00980508545,2.0,12-and-Holding
-1.14826579319,0.0117026464074,1.18645621423,-1.81485502593,1.0,12-Monkeys
-1.71470250437,0.353084882983,-0.119267164525,0.822893047887,2.0,12-Years-a-Slave
-0.769154541982,0.50685621744,1.02504090564,-2.63780399145,1.0,127-Hours
-1.01112168586,-0.0383871009734,1.01213472938,-1.46965959329,1.0,1492-Conquest-of-Paradise
-0.561029833397,0.945589117828,-0.770507147711,-0.0162351848081,2.0,15-Minutes
0.231732919514,0.571713929488,-1.0278084362,0.168787406787,2.0,17-Again
-0.436280191134,0.858390787166,0.0608297237205,-0.669442563548,1.0,187
0.674529541226,-1.96468235739,0.0970446727892,-1.77032910564,3.0,2001-A-Space-Odyssey
-1.16125442689,1.16897594883,-0.481309831156,0.11236599662,2.0,2012
0.226489206975,0.458996240667,0.708185539124,-0.598063886401,1.0,25th-Hour
-1.07575715554,1.85029911285,-1.88431549909,0.425828539882,2.0,30-Minutes-or-Less
0.322591091165,-0.301101486942,0.486834809559,-0.419982977733,3.0,42
-1.82659480174,2.13685087187,0.325237867906,1.07701898196,2.0,44-Inch-Ches
0.632126427435,0.018391432103,-1.23305816501,2.30550839759,0.0,50-50
1.10740248476,-2.06361546663,1.69412742709,-1.88973127822,3.0,500-Days-of-Summer
-0.259201067548,0.546689655977,-0.704211481553,-1.24635586022,1.0,8MM
-0.246690458513,-0.0580218205209,-0.524403462825,0.274160724473,0.0,9
1.14532595202,-0.204087792577,-0.113628111885,0.531001332426,0.0,A-Few-Good-Men
0.304494407182,0.750513950078,-0.274142892889,-0.11442021893,1.0,A-Serious-Man
-0.653241261627,1.06157547848,-0.30519812527,0.507727760996,2.0,Above-the-Law
-2.21916929478,1.17844019503,0.14700311795,-0.269529769659,1.0,Absolute-Power
0.00321099879142,-0.896873677775,0.780929543839,-0.0909195630106,3.0,"Abyss,-The"
-0.3062889429,-0.316033924859,0.558701151671,-1.29893665088,1.0,Adaptation
0.377947347739,-0.699348755493,0.614638153756,-1.89391873847,3.0,"Addams-Family,-The"
-0.0232668172649,0.626011603978,-0.228280290679,1.0452983308,2.0,"Adjustment-Bureau,-The"
0.318750033845,-2.55353303323,2.06836328769,-1.23430870958,3.0,"Adventures-of-Buckaroo-Banzai-Across-the-Eighth-Dimension,-The"
-0.0426721400939,0.0684567674699,-0.128850695274,1.08920939965,0.0,Affliction
0.275639931848,-0.0554501730077,-0.532843781018,0.856996590541,0.0,After-School-Specia
-1.39608018837,-0.0389801542533,0.454063615447,0.834091416744,1.0,After.Life
0.43698342845,-0.642986952483,-0.701025626759,-0.455639807179,0.0,Agnes-of-God
-0.791552325434,-0.364752137988,0.511863565229,0.538688694508,1.0,Airplane-2-The-Seque
0.299994562758,-1.25021700304,0.834124059915,1.18043905724,0.0,Airplane
-1.62471225511,0.656296477982,2.19208633085,-0.674483896819,1.0,Aladdin
0.201144862924,-0.662171423287,0.383262715205,-0.307077336751,3.0,Ali
-2.47510830524,1.80803046822,0.589750580335,0.270985089961,1.0,Alien-3
2.01528687019,-0.843805848398,0.268869132314,-1.28252988989,3.0,Alien-Nation
-1.66942172233,-0.0710366192849,0.475710354602,0.437470007242,1.0,Alien-Resurrection
0.410478383113,-0.518290847089,-1.36243729185,1.85907242819,0.0,Alien-vs.-Predator
0.0607542469822,-0.854565036274,0.353373588935,1.00587515922,0.0,Alien
0.96801033428,-0.119014807308,-1.06924588368,1.19619079417,0.0,Aliens
0.488357474619,-0.314657814807,-0.459616235625,0.503359313895,0.0,All-About-Eve
-0.403949163385,0.031272363615,-0.226164851719,0.395003602615,1.0,All-About-Steve
-0.729557105563,1.00937416628,-2.24300073336,1.05805554516,2.0,All-the-King's-Men
0.745939646675,-0.763744664459,0.485471026082,-0.724958133322,3.0,All-the-President's-Men
-0.352037684789,0.31161129324,-0.0519783909924,0.0626201836905,1.0,Alone-in-the-Dark
1.04283493561,-0.8600451851,0.343469860811,-1.04866378691,3.0,Amadeus
-0.55266430264,0.13590977431,0.560012700312,0.806228383173,1.0,Amelia
0.724792381551,-0.272290754443,-0.29989278642,0.0692726644546,0.0,"American,-The"
1.0090950394,0.293357953975,-1.33616070784,0.108968000921,0.0,American-Beauty
0.768509699191,0.091179617597,0.384811428405,-1.05278723049,3.0,American-Gangster
-0.645010396307,-0.396082716767,0.768408254161,-1.11019642129,1.0,American-Graffiti
-0.396667697063,0.508694923421,-0.734274115246,0.930876592482,2.0,American-History-X
-0.195062431589,-0.18561013575,0.114235274469,-1.74869624574,1.0,American-Hustle
-0.822854449551,0.330429685761,-0.630865283364,0.0125605845553,1.0,American-Madness
-0.043280347205,0.601573941365,0.108348675428,-0.180640935405,1.0,American-Outlaws
-0.710128358898,2.09426964913,-2.01040375011,1.21050324627,2.0,American-Pie
-0.524664920155,0.0491322613524,0.010514891113,-0.230209618224,1.0,"American-President,-The"
0.416573015049,-0.596137985704,0.367407280803,0.145112154576,0.0,American-Psycho
-1.0143252286,-0.451098820596,0.549639356242,-0.0939727733887,1.0,American-Shaolin-King-of-Kickboxers-II
2.4250264232,-0.780783029324,-0.411994190637,0.318275589494,0.0,American-Splendor
-0.416141897662,0.244611364822,-0.123177010114,-0.36618135375,1.0,American-Werewolf-in-London
-1.42006006072,-2.04723278745,1.25436523657,0.865245034578,3.0,"Amityville-Asylum,-The"
2.7064077593,-1.72825907948,0.203850640222,-1.12209803382,3.0,Amour
1.43001581176,-0.685602085845,-1.22391140594,0.513994460587,0.0,An-Education
2.01164548479,-0.127672895756,0.117670855832,-0.765510817634,3.0,Analyze-Tha
-0.427651333224,1.49645254639,-0.236574029338,-0.261551220083,1.0,Analyze-This
0.0707126406671,0.469467832691,-2.45294951262,2.95826122963,2.0,Anastasia
-0.406887754166,-1.04235024919,1.253789848,-1.10076632546,3.0,Angel-Eyes
0.309581811163,-0.537183839137,-0.0870285927274,0.0562462526057,0.0,Angels-&-Demons
-0.0200234563574,0.192649121546,-0.732787710164,0.323707124835,0.0,Anna-Karenina
0.367045319684,0.442817327897,0.234754164975,0.572958593249,0.0,Annie-Ha
0.706818039209,-2.30336231025,3.94739163378,-3.67320282904,3.0,"Anniversary-Party,-The"
0.641575056658,-0.632590758491,-0.801227258339,-0.497154915643,0.0,Anonymous
-0.746427530501,-0.337672378708,0.0582065514631,0.513172969577,1.0,Antitrus
-0.0575666163853,0.270097947783,-0.276691463759,0.871793267222,0.0,Antz
0.33719837789,-0.747707842546,0.0930627751259,-0.14774216545,0.0,Apocalypse-Now
0.663194154806,-0.737753762061,-0.796334352838,1.45412611256,0.0,April-Fool's-Day
-1.20867389152,2.23739392252,-2.83520727247,3.92861853592,2.0,Apt-Pupi
-1.20624606833,1.09768133078,-1.62958620171,0.713990148692,2.0,Arbitrage
-0.879486797383,0.204855007223,0.105849857399,0.268723503514,1.0,Arcade
1.75483759415,-1.04308130541,-0.031780845702,0.245526833607,0.0,Arctic-Blue
0.415810944982,0.0269614517411,-0.0386023870383,-0.632797911548,1.0,Argo
-0.503332950441,0.701549664962,-1.16598373259,0.33324457064,2.0,Armageddon
-0.570200060484,-0.708159070509,-2.15588804479,2.8767655674,2.0,Army-of-Darkness
-0.572668197146,0.0512176687182,0.00573020334331,-0.248521311016,1.0,Arsenic-and-Old-Lace
0.870873942333,-0.657831279942,-0.183372879961,1.7420011282,0.0,Arthur
-1.09561516999,1.7916124009,-0.228946932736,-2.47343392357,1.0,"Artist,-The"
-0.037042599793,-1.30991912001,1.40318614219,0.143925881843,3.0,As-Good-As-It-Gets
-0.651859931342,-0.199979878589,1.31262945906,0.0813198318849,1.0,Assassins
0.0486311884163,0.100194472033,0.402643476774,-0.46799177046,1.0,"Assignment,-The"
0.54113024206,0.061204797413,0.727860015525,-0.345878967124,3.0,August-Osage-County
-0.631040196292,3.51083465795,-4.2482118534,-1.4466221042,2.0,Austin-Powers---International-Man-of-Mystery
4.60451786538,-2.87491997971,1.47144387778,-1.97237337428,3.0,Austin-Powers---The-Spy-Who-Shagged-Me
0.633228193118,0.720745233036,-1.24885824415,-1.16049273019,1.0,Authors-Anonymous
-0.682230361575,-0.850388281755,0.933218667272,-1.25520453968,3.0,Autumn-in-New-York
-0.0463728047896,0.556898504022,-0.322660492095,0.606624836195,2.0,Avatar
-0.116815904371,1.24466371259,-1.42720563839,0.490295152642,2.0,"Avengers,-The-(2012)"
0.6998115719,-0.596582582243,0.00631816370207,0.490655876956,0.0,"Avengers,-The"
1.25121978914,-0.748956802554,0.397422702334,-0.115165374861,0.0,"Avventura,-L'-(The-Adventure)"
1.04193008897,-0.906170572749,0.764002386999,0.737435424508,0.0,Awakenings
-0.421097597441,-0.889173304764,1.21446163075,-1.56490890617,3.0,Babe
2.14833648857,-1.56775492668,-0.103407482412,-1.12639326542,3.0,"Bachelor-Party,-The"
0.36062076426,-0.0739879352625,0.492262582534,-0.653426487156,3.0,Bachelor-Party
-0.480196518761,1.81722278982,-0.33562947754,-1.9746779858,1.0,"Back-up-Plan,-The"
-0.312397968583,0.476892582864,0.512300202436,-0.733441149974,1.0,Backdraf
-0.575456337734,0.932348352006,-1.50106537292,0.440021053491,2.0,Bad-Boys
-0.560751333374,2.74829884798,-1.65588352291,-0.73841401738,2.0,Bad-Country
-0.582917581393,0.549727757757,-0.4567095814,-0.52203021481,1.0,Bad-Day-at-Black-Rock
0.461288749139,-1.06337806386,-0.0059666144059,0.447374376799,0.0,Bad-Dreams
-0.928838343851,-0.705741445796,-0.00691466804015,1.77990998458,0.0,Bad-Lieutenan
-0.0590921876713,-1.72053273686,0.764994838995,0.679755749186,3.0,Bad-Santa
-0.0338997494212,0.488552799452,-0.468878868033,-0.584632851958,1.0,Bad-Teacher
0.715097295283,-1.06662148297,1.39434664143,-0.946309469536,3.0,Badlands
1.11435796433,1.25607740783,-0.890360427244,-0.181399039823,2.0,Bamboozled
-2.47489855748,-0.0545449611734,1.37301658672,-1.40787610387,1.0,Barry-Lyndon
-0.0991876055083,-1.28130496696,-0.249499708658,1.16642660413,0.0,Barton-Fink
-0.0744765416792,-0.308423094327,0.619629065229,-0.622502369313,1.0,Basic-Instinc
0.0289088569167,-1.71300420508,1.35834935347,-0.313875396159,3.0,Basic
0.0628035187137,0.709018681474,0.893276593111,-0.610290286745,1.0,Basquia
-1.09413685384,1.28862521481,-0.860481371039,-0.377073301406,2.0,Batman-2
-1.14145049875,-0.226127606523,0.200031571248,0.712263889386,1.0,Batman
-1.07252243881,-0.0258864813346,-0.0709015187955,1.00018681364,1.0,Battle-Los-Angeles
-0.053759921565,0.857329278722,-0.26549656859,0.11609565546,1.0,"Battle-of-Algiers,-The"
0.297870158706,-0.453775069206,0.842013444765,0.222930209457,3.0,"Battle-of-Shaker-Heights,-The"
-0.639003157905,0.474587872722,0.533988752908,0.00735636211367,1.0,Bean
-1.67256699526,1.88361986148,-1.47190130429,-0.32149588901,2.0,Beasts-of-the-Southern-Wild
-0.840326199464,0.164325244583,-0.863151608105,0.363596235508,2.0,Beavis-and-Butt-head-Do-America
-0.530536675837,-1.80731932907,1.54993215095,-0.543934806511,3.0,Beginners
-0.297030057776,2.18687863891,-0.706327727345,-1.17769715636,2.0,Being-Human
-0.344492181072,-0.565043119006,-0.504689871604,1.19114115632,0.0,Being-John-Malkovic
-0.252377049195,1.92937369302,0.236125053324,0.138389655332,2.0,Being-There
0.0211008328137,-0.94416921362,0.919178479357,0.505645920168,3.0,"Believer,-The"
3.03025070418,-1.68377671031,0.238877398301,0.149778137422,0.0,Beloved
1.01243188123,-1.06600173267,1.87629766695,0.110158662591,3.0,Benny-&-Joon
-0.332262801513,2.78295009355,-2.56122410879,0.294824369136,2.0,"Best-Exotic-Marigold-Hotel,-The"
1.76697958569,-0.0536112057884,-0.212450818817,-0.0484832614301,0.0,"Big-Blue,-The"
-1.08707852458,-0.132258860423,-0.134513311085,0.60816599672,1.0,Big-Fis
-1.43747758935,0.631753789253,-0.0829186212588,0.0203978415392,1.0,"Big-Lebowski,-The"
-0.68698979166,0.579425740775,-0.393573074007,0.670975866988,2.0,"Big-White,-The"
-0.0749667400777,0.499243704886,0.865767325989,1.13692036182,0.0,Big
-0.765886467958,0.309024122422,0.217555984662,-0.671162626067,1.0,"Birds,-The"
0.327988970337,-0.746860654014,0.595870168525,-1.08951616344,3.0,Birthday-Gir
-0.496923729814,0.173307545634,-0.651023489676,0.879939635744,2.0,"Black-Dahlia,-The"
0.486944895833,-0.0940107523931,-0.461232729191,0.33652100859,0.0,Black-Rain
-2.01270658684,1.26396403157,-1.07355205761,0.600653359673,2.0,Black-Snake-Moan
0.876545847247,-1.75579453415,0.226717579712,-1.02570317854,3.0,Black-Swan
1.3106256979,-1.22387733579,1.7356558155,-0.592420450025,3.0,Blade-Runner
-0.53943445469,0.351978737947,1.3886177704,-1.09903129713,1.0,Blade-Trinity
0.506419727821,0.730041467784,0.527076728854,0.231085053239,1.0,Blade
0.552994482229,0.251530408651,-1.12707517236,2.36266729961,0.0,"Blind-Side,-The"
-0.604051559567,1.18085724576,-0.16512315064,-1.37594399722,1.0,"Bling-Ring,-The"
0.00445437058507,-0.959378182269,0.785931959645,-0.882300343609,3.0,Blood-and-Wine
-0.616087078277,1.09398183325,-0.392879184374,-0.568635661408,1.0,Blood-Simple
-0.271604013644,-0.0350401648823,0.0994101292346,-1.87615175317,1.0,Blow
-0.0449505947271,-0.0418645380997,0.0465474658622,-0.355470434783,1.0,Blue-Valentine
0.463684631953,-1.61106558554,1.05512701447,0.307699256202,3.0,Blue-Velve
0.689665653147,-0.0730052917799,-0.942297964184,0.550338689871,0.0,"Bodies,-Rest-&-Motion"
-0.0877832937406,-0.219556870147,-0.745750939827,0.0115188444187,0.0,Body-Hea
0.0311068329518,-0.374215748988,-0.0341327663367,0.345410450335,0.0,Body-of-Evidence
-0.792394557145,0.0873617164886,0.203923959504,-0.164064879833,1.0,Bodyguard
1.23116094809,-1.66309134854,-0.0321892074644,0.798033750892,0.0,Bonfire-of-the-Vanities
0.303377698464,-0.940594552923,0.567367181041,-1.13221181495,3.0,Bonnie-and-Clyde
0.54661663436,0.927816188686,-1.57853530791,-0.60559116758,2.0,Boogie-Nights
2.22301650666,0.86483288863,-1.4290063912,0.431131824749,0.0,"Book-of-Eli,-The"
-0.27592377476,-0.331682099793,-0.708129368313,0.226467221357,0.0,"Boondock-Saints,-The"
0.315445845164,0.1062565148,-0.0673294165962,0.0429837683014,0.0,Boondock-Saints-2-All-Saints-Day
-0.618222848728,-0.975380018537,-0.367678356466,0.318280537398,0.0,Bound
-0.681720959795,0.964174352238,0.158758337151,0.27256250208,1.0,"Bounty-Hunter,-The"
-0.675033639317,-0.0875792481569,0.012073847366,0.707317471339,1.0,"Bourne-Identity,-The"
-0.414958382205,0.475613564011,-0.538631943526,0.0247379873261,1.0,"Bourne-Supremacy,-The"
-0.104293493208,1.18326848727,-0.393928863855,-0.519143435142,1.0,"Bourne-Ultimatum,-The"
1.05514178696,0.0439938402325,-0.100659190166,-0.246387708698,0.0,"Box,-The"
0.965591469396,-0.327999167392,0.966612132208,-1.28358720967,3.0,Bravehear
1.32356371619,-0.544294509679,1.36870528989,-0.773228966275,3.0,Break
-0.021373467762,-0.604375486127,0.838455565307,0.495995928643,0.0,Breakdown
2.12378318183,-0.760530073885,-1.1704190338,0.275740428358,0.0,"Breakfast-Club,-The"
-1.34450654416,0.597264770405,-1.30514154201,0.897648829324,2.0,Breaking-Away
0.283305924603,-1.19821411759,0.687892351814,0.544935846093,0.0,Brick
1.39851450168,-1.05065758904,-0.737167868728,0.371528257441,0.0,Bridesmaids
0.120010592535,0.506737381642,0.140700567264,0.888243474714,0.0,Bringing-Out-the-Dead
-0.279225372039,0.373373248421,0.0890929034559,-0.279856965692,1.0,Broken-Arrow
0.508140752292,-0.413845429601,-0.914875435592,0.27906735356,0.0,Broken-Embraces
-0.736339517542,-0.255814961132,-0.552669115449,-0.13658707637,1.0,"Brothers-Bloom,-The"
0.0648381269172,1.28339678456,-2.06009654794,2.18999341802,2.0,Bruce-Almighty
0.193173310151,-0.873976574751,1.20373518559,-0.623043277128,3.0,Bull-Durha
-1.81663818734,1.66062968783,-1.05562742369,1.24095402291,2.0,Buried
0.242279862175,-0.903902875516,0.865510281793,-1.25145279879,3.0,Burlesque
-0.15927144254,0.34062145674,-0.751997849938,-0.294854319595,1.0,Burn-After-Reading
1.30950905261,-1.1981412581,0.0204462812466,0.879580471802,0.0,Burning-Annie
-0.317003796519,0.586786477041,0.636457345628,-0.547807107176,1.0,"Butterfly-Effect,-The"
0.757710917315,0.729335770793,-0.924711660105,-0.547314260459,0.0,Cable-Guy
-1.68110541027,0.15928512313,0.597251566892,-0.390127638088,1.0,Candle-to-Water
-0.199616524293,0.887945928307,0.336035343473,-0.392840733913,1.0,Capote
-0.224265276115,1.22658187624,0.161496846126,1.78592615457,2.0,Carrie
0.460332429889,-1.4984348775,1.15374849187,-0.810755545669,3.0,Cars-2
0.512584997639,-0.937715462283,0.333217781307,-0.736220328971,3.0,Case-39
0.484257534037,-1.57795293648,0.106568082417,-0.172743818593,3.0,Casino
-0.0765458290229,-0.109203635142,-0.308480314548,0.270460234032,0.0,Cast-Away
0.73142107328,-0.170036667357,0.303422913695,0.443875200605,0.0,Catch-Me-If-You-Can
-1.44456098314,1.31741718214,-0.609665887945,-0.534605601126,1.0,Catwoman
-0.552495904441,1.5488896541,-1.08998662788,1.72899998744,2.0,Cecil-B.-Demented
-0.369313588919,-0.855299633782,0.935546864108,-0.183329511446,3.0,Cedar-Rapids
1.1267775612,0.0361731700653,-0.113628385395,-1.6852929948,3.0,Celeste-&-Jesse-Forever
-0.912765390706,0.179952377564,-1.14857699465,1.04979601127,2.0,"Cell,-The"
0.244219717666,0.432139252758,-0.759432103274,-0.402482654129,1.0,Cellular
-3.15705869837,2.16950980976,0.122138076851,2.00002173527,2.0,"Change-Up,-The"
0.376389683656,-0.940470467369,-0.354460419644,1.46597826382,0.0,Changeling
0.398182027125,-0.60321427749,0.675971261065,0.298340433487,0.0,Chaos
-0.228421618955,0.235809529085,-0.164474166341,0.605603402856,0.0,Charade
-1.18876882642,0.387700641447,-0.486374465828,-0.89469025555,1.0,Charlie's-Angels
-0.99013416814,0.631857451652,-0.0762429921138,-0.383782454429,1.0,Chasing-Amy
0.0584474084397,0.0763835805629,-0.418149808254,0.20800817689,0.0,Chasing-Sleep
0.258311583642,0.734536323808,-0.511838655585,0.524275594787,2.0,Cherry-Falls
-1.52701697637,0.59159407751,0.588726012486,0.0537344944303,1.0,Chinatown
1.00636519572,-1.19905869067,0.0199303670191,0.480504662048,0.0,Christ-Complex
-0.721870344509,0.35096130972,-1.0460701546,0.433569797611,2.0,Chronicle
0.751594232153,-0.550458578147,0.914450022495,0.45384941779,0.0,"Chronicles-of-Narnia-The-Lion,-the-Witch-and-the-Wardrobe"
0.737922429696,3.90045960503,-1.08242847674,0.208310151401,2.0,"Cider-House-Rules,-The"
0.221239837604,-0.515382111263,0.365962631649,-0.0388155178719,0.0,"Cincinnati-Kid,-The"
-0.284880297949,1.0926516195,-0.766640659062,0.712938307722,2.0,Cinema-Paradiso
-0.436772184539,0.617030636522,0.412827188127,0.561402602904,1.0,Cirque-du-Freak-The-Vampire's-Assistan
-1.43895264842,2.34157397372,-1.07366506972,-0.981039466156,2.0,Citizen-Kane
-0.0492855437539,1.31047127989,-1.34064526622,0.336113965944,2.0,City-of-Joy
1.74824166021,-0.584766242219,-2.04127210726,0.888532152573,0.0,Clash-of-the-Titans
0.0608138335004,1.32247144467,-1.89337250124,1.94471150722,2.0,Clerks
-0.992048451849,1.58828389268,-1.43381426835,0.98789817257,2.0,Cliffhanger
-0.52804272951,0.863919840178,-0.0688990342929,0.857547075257,2.0,Cobb
0.86177840183,-0.949069942089,0.384609657368,0.531746052819,0.0,Code-of-Silence
-0.171869478529,1.24046678136,-1.04492264148,0.872124493806,2.0,Cold-Mountain
-0.537868228102,0.99915774104,-1.51902327021,0.40150450496,2.0,Collatera
0.292167351111,-0.384380071154,0.686150978998,-0.194103463182,3.0,Collateral-Damage
-0.262122441734,-0.210370105569,2.06239014075,-1.31468871766,3.0,Colombiana
0.768989496809,2.63678993151,-1.53612733438,0.710296430758,2.0,Color-of-Nig
1.0489691748,-1.61949878055,0.577136518542,0.346790234438,3.0,Commando
0.316547859944,0.268552927108,0.836574217834,-0.285636958487,1.0,Conan-the-Barbarian
-0.0901926846143,0.00800124120765,-0.108759667675,0.432844017344,0.0,Confessions-of-a-Dangerous-Mind
1.7376372142,-0.602055481558,0.842084134618,-0.970312960906,3.0,Confidence
-0.686754609239,0.668787168144,-0.538400354452,0.89080940442,2.0,Constantine
0.553337108343,1.32616534613,-1.87470315458,0.0764165170373,2.0,"Cooler,-The"
1.72153439834,0.0866512218251,-1.57482401711,0.464439412613,0.0,Coraline
-2.41061429918,1.83717620397,-0.504946434254,-0.375194584819,2.0,Coriolanus
-0.755353883851,0.401308790487,-0.00634321855345,0.296667267937,1.0,Cowboys-&-Aliens
-0.25969626104,0.318065356006,0.219148796943,0.630990793157,1.0,Cradle-2-the-Grave
0.521077789617,-0.89022286101,-0.441948328409,1.68037219721,0.0,Crank
1.86297098141,-0.415653857785,-0.0822590450665,1.33658799375,0.0,Cras
-0.0268124946577,0.893878067611,-0.776075786534,-0.21956637209,2.0,"Crazy,-Stupid,-Love"
0.552667750764,-0.869832406359,1.32517189762,0.424300003559,3.0,Crazylove
1.17030562933,-1.06549363887,-0.751916423419,0.46547367065,0.0,Creation
0.225344972256,-0.637810099256,0.346320352121,-0.696373889989,3.0,Crime-Spree
-0.634768946406,0.409841248259,1.38343370692,-0.832874207895,1.0,"Croods,-The"
-1.82244946904,-0.769761349864,-1.02133757204,2.28571595261,2.0,"Crouching-Tiger,-Hidden-Dragon"
-0.149079518264,-1.02468952645,0.472243029424,0.75583069159,0.0,Croupier
-0.768987353664,1.4522208689,0.289979185178,1.21224175255,2.0,"Crow,-The"
0.882036085038,-0.223296824902,-1.97554224261,1.2118466002,0.0,"Crow-City-of-Angels,-The"
-0.204708205211,-0.327382457393,1.24014045834,-1.35673722203,3.0,Cruel-Intentions
2.28476075315,-1.74705861196,-0.689823948465,1.11434893879,0.0,Crying-Game
-0.60703029973,-0.0709421287861,0.518139824763,0.6314505293,1.0,"Curious-Case-of-Benjamin-Button,-The"
0.377780275868,0.433450725208,-0.535188197698,-0.831802050898,1.0,Custody
-0.120344563824,0.152093767229,-0.742854418141,0.559002204833,0.0,"Damned-United,-The"
1.14023028935,0.67427912967,0.214038332943,-0.176939108036,0.0,Dances-with-Wolves
-0.173206622512,0.327516093054,0.0388854447642,0.0478654962382,1.0,Dark-City
-1.34506457128,0.222203407878,-0.477813602944,0.795086399219,2.0,"Dark-Knight-Rises,-The"
-1.31710592852,1.98458470823,-1.89618098864,0.60738467778,2.0,Dark-Star
-0.34942947543,-0.249985965697,0.384694058176,0.0397269213351,1.0,Darkman
-1.37815916453,0.795145808467,-1.20219542292,0.0979319502538,2.0,Date-Nig
-1.09362947315,1.07366680633,1.04729527509,-1.66303352246,1.0,Dave-Barry's-Complete-Guide-to-Guys
1.23760123407,0.740079290978,-0.208384904365,0.417147852127,0.0,Dawn-of-the-Dead
0.350392024702,-0.237296840313,0.689075700143,0.0168718793193,3.0,Day-of-the-Dead
0.592561174623,-0.525005160514,0.416592916326,-0.58246851503,3.0,"Day-the-Clown-Cried,-The"
0.799080171727,-0.668060010417,0.0777742489469,0.197375661064,0.0,"Day-the-Earth-Stood-Still,-The"
-0.908692438022,0.340209021138,0.481155031423,-1.13610747506,1.0,Dead-Poets-Society
0.904985846614,-0.88845236256,-0.267254621185,-0.567564772631,0.0,Death-at-a-Funera
-0.0873612145588,-0.564855953397,-0.506692863784,0.384542039981,0.0,Death-to-Smoochy
-0.307754090841,-2.16732956258,0.613243214537,-0.0466395221607,3.0,"Debt,-The"
-0.221972159033,0.64765476616,-1.59280589737,-0.677767954477,2.0,Deception
0.787612899488,-1.37867267381,2.28760727707,-1.28118686794,3.0,Deep-Cover
-0.825389159665,-1.20125764591,-0.107828926121,0.065093145708,1.0,Deep-Rising
-0.0389012953372,-0.0891671535646,1.80976382696,-0.746566862022,3.0,"Deer-Hunter,-The"
0.151733290106,0.0950350491404,0.0904697792196,-0.200944113785,1.0,Defiance
-2.34002588709,0.151261644283,0.922409804742,-0.575063215224,1.0,"Departed,-The"
-0.521745328756,0.662029737405,1.25788857888,0.230707478815,1.0,"Descendants,-The"
-0.974062742681,0.0674796058187,0.720420564944,-0.564158800339,1.0,Despicable-Me-2
-0.173644961515,0.834015166849,-0.0847294666745,0.346759468777,1.0,Detroit-Rock-City
-0.268439660458,-0.255805905767,0.0179118717879,-0.917664387272,1.0,Devil's-Advocate
0.454272090417,-1.39492994726,1.62698817571,-1.17679303512,3.0,Devil-in-a-Blue-Dress
-0.394694786538,0.318121657554,0.23708046175,-0.137609888814,1.0,Die-Hard-2
-1.01740126557,-0.0340681281568,-0.470263654681,0.58579464407,2.0,Die-Hard
0.559269054056,1.74242464715,-1.35673149344,-0.153290712477,2.0,Diner
1.19075898721,0.756679711862,-1.49348090777,0.0130685470598,0.0,"Distinguished-Gentleman,-The"
0.277152356026,-0.250930653611,0.855277935786,-0.338067140404,3.0,Disturbia
-0.106745398545,2.21573718658,-1.31426155682,0.755509188253,2.0,Django-Unchained
-0.909687335805,0.41487271821,1.99024831006,-1.33303598631,1.0,Do-The-Right-Thing
-0.0614731917236,0.548033089601,0.201436228679,-0.229925173453,1.0,Dog-Day-Afternoon
-1.06417524451,0.285569180485,0.537700911301,-0.315287485984,1.0,Dogma
-0.284736579527,-0.247128336089,0.986981719849,-1.59067625345,3.0,Donnie-Brasco
-0.981047936389,-0.521961604159,0.545385860727,-0.0454555723456,1.0,"Doors,-The"
0.186415038129,0.417964359615,-0.371419402986,-0.56029702003,1.0,Double-Indemnity
-0.579036252354,-1.13298332171,1.16305270323,-0.350511595208,3.0,Drag-Me-to-He
-0.136646783433,0.349717015445,-1.2031537086,0.832622265123,2.0,Dragonslayer
1.12862629922,-0.249889331858,0.321923145779,0.198371344165,0.0,Drive-Angry
-0.457587678707,1.27948659774,-1.42896656167,1.13012877785,2.0,Drive
0.647010973993,-0.83318292276,0.276230409511,0.170960728911,0.0,Drop-Dead-Gorgeous
1.06903133586,-0.42920297901,0.620393212562,0.0306834497404,0.0,"Dry-White-Season,-A"
-1.90348566313,1.10108640294,-2.63442256561,0.96548602417,2.0,Duck-Soup
-0.346586265718,1.14210026416,0.979996067042,1.36338585754,1.0,Dumb-and-Dumber
-0.424514777768,0.488684612026,-0.629843192626,0.897231196591,2.0,Dune
0.803213607011,-0.15527534878,1.27366125571,-1.04254638213,3.0,E.T
-0.77887361386,0.422484038307,-0.170079482239,0.261894866536,1.0,Eagle-Eye
0.224773637343,-0.815353547088,0.574559245144,-0.881953093907,3.0,Eastern-Promises
0.884001874389,-0.213273663089,-0.0486961750373,-0.763951727291,3.0,Easy-A
-0.385120312997,0.27114349795,-0.243700683248,0.636178857245,2.0,Ed-TV
1.06414792668,-0.128648661424,0.200606577019,-1.02474221766,3.0,Ed-Wood
-0.0417135291207,-0.22015208673,1.01725953371,-2.45986699403,3.0,Edward-Scissorhands
-0.673275718701,0.293854445241,-0.439952943145,0.840367973646,2.0,Eight-Legged-Freaks
-1.96994512257,-0.124457628646,2.44527833584,-1.49752514488,1.0,El-Mariachi
0.843990365916,0.319302170032,-1.24217806703,2.12702960878,0.0,Election
0.777780582142,2.25421450292,0.0213918172487,-2.81772250016,1.0,"Elephant-Man,-The"
0.135042632774,-0.69003086579,-0.270513486931,0.639383935457,0.0,Elizabeth-The-Golden-Age
-0.997872050441,0.153878371664,-0.0343288473693,0.67140311663,1.0,Enoug
-0.0376014559515,-0.443744737639,-0.0134724350124,1.02304435823,0.0,Entrapmen
0.0591817677214,-0.650706256198,0.0610750072437,0.753845134174,0.0,Erin-Brockovic
-0.694348670655,1.29336076642,-0.869207620897,0.413419231033,2.0,Escape-From-L.A
1.05560990503,0.799750054364,-0.0945696082866,-1.6629449407,1.0,Escape-From-New-York
0.52787630731,-1.27692365387,0.590164515233,0.534447387734,0.0,Eternal-Sunshine-of-the-Spotless-Mind
0.312517449907,-0.899574564387,0.302460708596,0.609341027207,0.0,Even-Cowgirls-Get-the-Blues
-0.87143015219,0.089791107805,0.0278146913595,-0.948032692773,1.0,Event-Horizon
1.42037609352,-0.202723807,-0.641945758991,-0.190749404641,0.0,Evil-Dead-II-Dead-by-Dawn
1.10022182364,-0.534578954052,-2.06200658573,1.32415497539,0.0,Evil-Dead
1.29599834915,0.296143671339,-1.51742941065,0.112200305341,0.0,Excalibur
0.553368082199,-1.40856853655,2.64081987162,-2.98626703491,3.0,eXistenZ
0.70077175655,0.30621107643,-1.18466074622,0.732793237098,0.0,Extrac
-0.224636179047,0.957331338531,-0.216531900999,0.046133819567,1.0,"Fabulous-Baker-Boys,-The"
0.843946669451,-0.857006576284,0.0139050692927,0.0719437691571,0.0,Face-Off
-0.136035409331,-0.0361174535324,0.286833240463,0.335064964664,1.0,Fair-Game
-0.131854047756,1.04046304418,-0.543071407062,1.94421943625,2.0,"Family-Man,-The"
0.592372872575,-0.853978733133,-0.880842631733,1.1002247593,0.0,Fantastic-Four
-1.02883572889,-0.0643531966713,0.935436309341,0.534962543841,1.0,Fantastic-Mr-Fox
-1.44522253073,-0.311816300981,-0.0470920782184,-1.33145789075,1.0,Fargo
0.708639235851,0.523799809217,-1.20271995457,0.0165209458814,0.0,Fast-Times-at-Ridgemont-Hig
-0.0432787942781,-0.144650839138,-0.0767701437916,0.965953593999,0.0,Fatal-Instinc
0.0158323783354,-1.06580031522,0.745102601253,-1.07385011181,3.0,"Fault-in-Our-Stars,-The"
-0.346989713057,0.0979435711592,-0.500955447351,0.674056579218,0.0,Fear-and-Loathing-in-Las-Vegas
0.816560591536,0.906387127309,0.873118845079,-1.26042613588,1.0,Feas
-0.78707356227,2.43629021925,-1.49091932934,0.879558147306,2.0,Ferris-Bueller's-Day-Off
2.0858177133,-0.467715890132,-1.5030991224,2.51076389688,0.0,Field-of-Dreams
0.329736419827,0.632136537418,1.41390630421,-1.18618515951,1.0,"Fifth-Element,-The"
0.0340181022221,-0.237135807563,0.544183201618,-1.50579473378,3.0,Fight-Club
0.421883479733,0.560427543005,-1.6764060268,1.16892028437,2.0,"Fighter,-The"
-0.462603373465,1.82540229009,-0.746711149157,0.0119324383672,2.0,Final-Destination-2
-0.96602471816,-0.193311471419,0.915034815337,-0.135851394453,1.0,Final-Destination
-1.88962314041,0.796749730707,0.335074918966,0.103992171304,1.0,Finding-Nemo
-1.80586514924,0.000110693200583,1.48789748454,0.412965031333,1.0,Five-Easy-Pieces
1.38291949243,-0.483808355216,0.355493624895,-0.48012633505,3.0,Flash-Gordon
0.836099384223,-0.856726133535,-1.86146811265,2.31128907083,0.0,Fletc
-0.714497624106,1.74231644492,-0.142927362248,0.447372181177,2.0,Flig
0.832910800879,0.92981819337,-2.0337029734,1.07052762356,2.0,"Flintstones,-The"
-0.0194277923195,0.794544903255,-1.1129163133,0.495053463476,2.0,Forrest-Gump
0.713639227968,-1.53208783872,0.689677238202,-0.452450128371,3.0,Four-Rooms
0.551088388517,-1.44546654341,0.0516441499741,-1.29780260837,3.0,Foxcatcher
1.486495242,-2.98983492211,1.5861316859,-0.522569019353,3.0,Fracture
0.479664708259,0.0148293538197,-0.471036235745,0.177048144897,0.0,Frances
0.216283328662,-1.41832949555,1.59001955124,0.019455244364,3.0,Frankenstein
0.767985058576,-1.05306082701,0.996098994406,-0.186500847841,3.0,Freaked
-0.0744140980212,0.26480703073,0.634392090297,0.117458730059,1.0,Freddy-vs.-Jason
0.842713211419,-0.533426379724,0.0420794915024,0.116553884171,0.0,"French-Connection,-The"
0.47253205431,-0.327196650925,0.0831925324322,-1.17893551578,3.0,Friday-the-13
-0.778353910436,-1.10948056197,0.230784976314,0.371999093186,0.0,Friday-the-13th-Part-VIII-Jason-Takes-Manhattan
0.368799541277,-1.21261848464,0.267460631494,-0.534452819831,3.0,Fright-Nig
-3.15510149548,0.0301816278002,-2.69985903547,4.63818456218,2.0,Fright-Night-(1985)
-0.0325507776865,0.411546763158,-0.26665296711,0.0910094426212,1.0,From-Dusk-Till-Dawn
0.24184468147,-0.583063194719,0.992833587978,-1.04454273244,3.0,From-Here-to-Eternity
0.159531616125,-0.0187664587112,0.113533591217,0.0145056959577,0.0,Frozen-(Disney)
0.673737779839,0.633904296168,-0.639281833133,1.06557460974,0.0,Frozen-River
-1.36371645257,0.310745715366,-0.726659557411,0.57757121753,2.0,Frozen
-0.96374832043,0.947687284421,-0.170177919919,-3.48553002084,1.0,Fruitvale-Station
-0.0553068665108,-0.05143972226,-0.237725989359,0.0834744060329,0.0,"Fugitive,-The"
-1.70557870771,1.17049689236,0.142887281965,-0.157218640616,1.0,Funny-People
-2.06864440234,1.34064676753,-0.126684567852,-0.038921062099,1.0,G.I.-Jane
0.673076386702,-0.47659301778,-0.832678439906,0.522818228348,0.0,G.I.-Joe-The-Rise-of-Cobra
-2.13582854106,1.10195027697,-0.395152714874,0.408965411986,2.0,"Game,-The"
-1.7710510054,0.699707856174,1.17080156965,1.10495687734,1.0,Game-6
-0.12696611255,-0.302321218138,-0.615242450708,0.472212787916,0.0,Gamer
0.00437515059141,-0.0633594317271,0.17028783085,1.09427872147,0.0,Gandhi
1.28359959262,-0.742501023949,-0.295683853316,0.371960552343,0.0,Gang-Related
0.509703179361,1.14619407549,-1.81200243931,0.943627962679,2.0,Gangs-of-New-York
-0.122884870676,0.938220229977,0.715561442583,-1.15633412659,1.0,Garden-State
-1.0276552566,-1.05752879924,1.3295174925,-0.721267021911,3.0,Gattaca
0.432374358296,-0.735559722699,0.328206353031,-0.457378982198,3.0,Get-Carter
1.36870568433,0.77499204519,-0.266022623748,-1.50817784651,1.0,Get-Low
-0.174430357023,-0.737742317047,-0.3065962363,1.03910200537,0.0,"Getaway,-The"
-3.13916951365,0.388379414925,0.0157454015739,1.40650982029,2.0,Ghos
-0.83676771751,0.387591705346,0.640139578353,-1.75341477644,1.0,"Ghost-and-the-Darkness,-The"
-0.50580017023,0.188203297779,0.692897247054,-0.536824601062,1.0,Ghost-Rider
-0.0721318604755,0.375423682866,-1.1408031915,0.163570745044,2.0,Ghost-Ship
0.792825541961,0.965592729135,-0.00187078602876,-0.550179709319,1.0,Ghost-World
0.715293524153,-1.12134480878,0.0560513450531,1.21731833093,0.0,Ghostbusters-2
1.54511884269,-2.73531380345,1.82605892349,0.430696675719,3.0,Ghostbusters
0.967996404564,0.14384624999,-0.136067978872,0.349073287538,0.0,Ginger-Snaps
1.0157243954,-1.94333141678,0.784862968755,0.50791757282,3.0,"Girl-with-the-Dragon-Tattoo,-The"
0.117079696368,1.39921041775,0.0992876580125,-0.637013786434,1.0,Gladiator
1.60578446288,-1.29502857575,0.453671526068,1.00212208139,0.0,Glengarry-Glen-Gross
-0.94284534073,1.25495030379,-0.450802331584,0.615940975306,2.0,Go
-0.541970573584,-0.713082356323,0.966026403144,0.743016660509,1.0,Godfather-Part-II
-0.0644140906315,0.428385990042,-0.0840557789244,-0.868013675246,1.0,"Godfather-Part-III,-The"
-1.17080408632,0.532993053688,-1.33620144109,2.51615166783,2.0,Godfather
0.552019939003,-0.756293567462,0.696928809598,0.902706838187,0.0,Gods-and-Monsters
-0.585957673579,0.245350156987,0.459018762965,-0.17378991966,1.0,Godzilla
0.474080901025,-0.182132404189,1.43608762809,-1.42821317336,3.0,Gone-in-60-Seconds
0.90455874504,0.0100983468392,1.02213915019,-3.12209062516,3.0,"Good-Girl,-The"
2.1657984176,-0.15732503721,-0.825229189841,0.431554893168,0.0,Good-Will-Hunting
0.941987239164,-0.855486195909,0.17245845126,0.450646673235,0.0,Gothika
0.0694982784835,-0.513596838286,-0.170851383202,0.0735996021093,0.0,"Graduate,-The"
-0.685406544021,1.33185667346,1.03329929721,-1.24566901329,1.0,Gran-Torino
-1.44249251325,2.03738136811,-0.0856889112906,0.145969851545,2.0,Grand-Hote
0.794525607792,-0.206171867998,0.254571656575,-1.50517112008,3.0,Grand-Theft-Parsons
0.724510176392,-0.0133854769552,0.43825851345,0.719552043725,0.0,"Grapes-of-Wrath,-The"
-0.200724554122,1.01874763136,0.859819117546,0.174674795412,1.0,Gravity
-0.213127652355,0.964698313652,-1.50905732801,1.29069563328,2.0,"Green-Mile,-The"
-0.0292069771057,0.513397412337,-0.814609130351,-0.136783834355,2.0,Gremlins-2
-0.309977977057,-1.55879127658,0.922864892388,-0.00186783195695,3.0,Gremlins
-0.665305835803,1.87811705262,0.916525602309,-1.68823921851,1.0,"Grifters,-The"
0.723317581511,0.735277743627,-0.079050095623,0.170790421944,0.0,Grosse-Point-Blank
-2.30957737945,2.79784673453,-0.733041863227,0.483263258379,2.0,Groundhog-Day
-0.22338332421,-0.316538723435,-1.09956166139,1.4134002213,0.0,"Grudge,-The"
0.41992159524,-0.699975221868,0.761739392414,-1.25238138779,3.0,Hackers
-0.853242158773,0.690931925648,-0.384561636375,-0.236503825386,1.0,Hall-Pass
-0.0727049481722,0.192220105741,-0.159330367815,0.303714586113,0.0,Hancock
-1.42194732956,-0.40505342628,1.30021734894,-0.242065612232,1.0,"Hangover,-The"
-0.613543772528,1.49393734978,-0.253635946272,-0.293477197155,1.0,Hanna
-0.14621290894,-1.24409052607,0.253482735687,0.748397615839,0.0,Hannah-and-Her-Sisters
0.567504862643,-0.259820835922,0.532016944871,-0.703715555182,3.0,Hanniba
-0.213294311055,0.34275417112,-0.408045507993,-0.431024077264,1.0,"Happy-Birthday,-Wanda-June"
-0.31277943662,1.22143924675,-1.45367641568,0.458507603099,2.0,Happy-Fee
-0.919718380975,0.285022833435,0.224249979545,-0.147272582616,1.0,Hard-Rain
-0.881695137549,-0.529528679485,0.79839255194,0.303195596465,1.0,Hard-to-Ki
-1.31315511276,0.299216958678,-0.542475987332,0.0102525114697,1.0,Harold-and-Kumar-Go-to-White-Castle
-0.568322661535,-0.985567013194,-0.0222618300306,-0.528400738227,1.0,"Haunting,-The"
0.91966636605,-1.28758857348,0.326487589998,-0.745509664606,3.0,He's-Just-Not-That-Into-You
0.504564947814,0.0558884107742,-0.0641997018029,-0.0534768534546,0.0,Hea
0.669507707684,-1.64214063164,1.23598814211,-0.788372262728,3.0,Heathers
0.286224056102,-0.264944643785,0.277748594137,1.29706421257,0.0,Heavenly-Creatures
0.389839966629,1.10231201625,0.34667860956,-0.684486830583,1.0,"Hebrew-Hammer,-The"
-0.958387092647,0.958539762862,-0.729718339852,0.119443025464,2.0,Heis
0.867419099858,-1.03977639156,1.62540704289,-0.803281674234,3.0,Hellbound-Hellraiser-II
0.531299200224,0.394628325463,-0.545189097996,0.516137009064,0.0,Hellboy-2-The-Golden-Army
0.658803300973,-0.694351579852,0.986105445902,-0.436855423452,3.0,Hellboy
1.89945859087,-0.833237802892,-0.82039705145,0.588506177637,0.0,Hellraiser-3-Hell-on-Ear
-1.24962726549,-1.59499036835,0.449166204246,0.813788629076,0.0,Hellraiser-Deader
1.97769991659,-0.337320022832,-0.144617976002,-0.0629678794024,0.0,Hellraiser-Hellseeker
-0.720536768895,0.837802317058,-0.352841754654,0.612427187958,2.0,Hellraiser
-0.325406223012,1.15418395449,-0.922928712996,-0.165702254293,2.0,"Help,-The"
1.44897737217,-1.16435679595,0.527098049063,-1.26555696519,3.0,Henry's-Crime
-0.474265051862,-0.599951291018,1.98226347676,-0.176839977723,3.0,Henry-Foo
0.331893309969,-0.733705838789,-0.536076291582,-0.263695600933,0.0,Hesher
0.956888550148,0.299340387937,-1.03320697445,-0.118713920783,0.0,High-Fidelity
0.242745794072,0.00580913856615,-0.366260092402,1.6972463434,0.0,Highlander
-0.0312279788118,-0.451919772459,-0.18301459532,0.704283416865,0.0,"Hills-Have-Eyes,-The"
-0.0778120023918,-0.816678851788,0.0115439147372,-0.720024258936,3.0,His-Girl-Friday
0.330449862913,0.256089341539,-0.505152817268,-0.554347366439,1.0,Hitchcock
-0.757181856626,-0.116963345034,-0.777653410257,2.11285857601,2.0,"Hitchhiker's-Guide-to-the-Galaxy,-The"
-1.14425507247,-0.253404420184,0.129325368941,0.311496111755,1.0,Hollow-Man
0.905679467993,1.49526857973,-1.63015655336,1.44201543332,2.0,Honeydripper
-0.830156198185,1.22215612303,-0.411277646438,-0.15302569654,2.0,Horrible-Bosses
-0.865484389852,0.513928461294,1.11177118503,-0.0207667068934,1.0,"Horse-Whisperer,-The"
1.81974933511,-0.668395819134,1.10280314955,-1.38226285774,3.0,"Hospital,-The"
0.517929122751,0.0968790459033,-0.232065802918,-0.0268233288535,0.0,Hostage
0.626611081832,-1.98352578049,1.51437704746,-0.72919841062,3.0,Hot-Tub-Time-Machine
-1.18430604961,-0.437258631341,0.226422723499,0.77935657163,1.0,Hotel-Rwanda
-0.952642093247,0.842712814126,-1.99761839959,0.668306785919,2.0,House-of-1000-Corpses
-0.131519038498,0.678512870545,-0.607516401968,-0.470226983386,1.0,How-to-Lose-Friends-&-Alienate-People
-1.78773307674,0.926349284999,0.975668489767,-0.109857016912,1.0,How-to-Train-Your-Dragon-2
-0.986035748412,1.39005371671,-0.222947127691,-0.811924176687,1.0,How-to-Train-Your-Dragon
-1.09410367507,-0.817477937085,2.03729188817,-0.814008754814,3.0,Hudson-Hawk
-0.303121918958,-0.270010730118,1.63698859181,-1.06726159086,3.0,"Hudsucker-Proxy,-The"
3.85664931305,-1.86084281192,1.34945368164,-0.747687172562,3.0,Human-Nature
0.673932188389,-0.834680623902,-0.97642578678,0.773423174848,0.0,"Hunt-for-Red-October,-The"
1.50736359486,-0.650298258507,1.17124158623,-0.435519716868,3.0,I'll-Do-Anything
-0.765060709551,0.856217016763,-0.578622588911,0.645053546418,2.0,"I,-Robo"
0.70261520707,-0.456917602952,-0.448752867685,0.166062369731,0.0,I-Am-Number-Four
0.196230252991,-0.981151076732,1.45747259228,-1.78842767635,3.0,I-am-Sa
-1.69918330749,0.801773879776,0.41170622483,-0.217273342716,1.0,I-Love-You-Phillip-Morris
0.638237675031,-2.44686195268,1.92329872811,-0.872812550629,3.0,I-Spit-on-Your-Grave
-0.915720150515,0.435064595608,-1.33375129188,0.168308338734,2.0,I-Still-Know-What-You-Did-Last-Summer
0.413461145553,-1.29257062039,1.64459740259,-0.23066414581,3.0,"Ice-Storm,-The"
0.730643942726,-1.7765352885,-0.546683779956,0.26150948283,0.0,"Ides-of-March,-The"
0.27068624962,0.942094766745,-1.44947143166,-0.540898078797,2.0,"Imaginarium-of-Doctor-Parnassus,-The"
-0.687683859839,-0.901127651052,0.723290680362,-0.669449341364,3.0,In-the-Bedroo
0.979270924183,0.119309745754,-1.75752001098,0.760167668204,0.0,In-the-Loop
0.944736275569,0.0339388859918,-0.0943415610137,-0.988060757703,3.0,Inception
-8.23613209183,3.44416969356,1.1294923578,-1.4379320817,1.0,"Incredibles,-The"
0.685436078905,-1.25826680765,0.558285997691,0.527504607403,0.0,Indiana-Jones-and-the-Last-Crusade
0.308782544314,-0.784502775486,0.497545769265,0.0175328147746,3.0,Indiana-Jones-and-the-Raiders-of-the-Lost-Ark
-0.841561014183,1.13226978884,-1.62640324632,-0.305098955051,2.0,Indiana-Jones-and-the-Temple-of-Doo
0.82937256166,-0.74138429924,0.463104981478,0.391177297853,0.0,Indiana-Jones-IV
0.827453510235,0.718020930551,-0.484416110109,-0.513131250912,0.0,"Informant,-The"
0.32540482562,-0.151838237437,-0.0630335494954,-0.625654266643,1.0,Inglourious-Basterds
-0.0665082666681,0.512973148056,1.20397441541,-2.4092658742,1.0,"Insider,-The"
-1.27028761668,0.29801226084,0.672696983872,-0.327132795769,1.0,Insidious
-1.16068829966,1.08249566762,0.0394112840323,0.101382126157,1.0,Insomnia
0.847700086267,-0.895501512331,0.802431732713,-0.739827762219,3.0,Interstellar
-0.76810929489,0.891230073376,-0.211275910842,-0.219791609245,1.0,Interview-with-the-Vampire
0.46112049876,-1.02498167901,1.65804729828,-0.510964046756,3.0,Into-the-Wild
0.179241768444,1.55096046419,-0.631376452434,-0.520003027431,2.0,Intolerable-Cruelty
-0.363191726252,0.992682539709,-1.26060246839,0.0305028750775,2.0,Inventing-the-Abbotts
-1.84532098976,2.896310724,-0.654774679767,-0.879749459779,2.0,"Invention-of-Lying,-The"
-0.638268348613,0.610093592714,1.72798151438,-1.7815815714,1.0,Invictus
1.65095370837,-0.112103726483,-0.345953466633,-0.880141074911,0.0,"Iron-Lady,-The"
-1.15689940348,0.18809258852,0.1736760732,-0.185223155345,1.0,"Island,-The"
1.04229954584,-0.69557100299,0.426097662418,-0.859558703087,3.0,It's-a-Wonderful-Life
1.04452851363,-0.953368704477,0.371365660546,0.673408168595,0.0,It's-Complicated
0.439838958312,0.0543679586523,0.429089752755,1.40834572538,0.0,It-Happened-One-Nig
0.217169594211,-0.108604617889,0.376927009182,-0.7978121772,1.0,"Italian-Job,-The"
1.56249855259,-2.02613436716,1.95158192038,-0.492530636998,3.0,"Jacket,-The"
1.11694105481,0.168649932281,-0.37995120039,0.719303800832,0.0,Jackie-Brown
0.23553631304,-0.939572799954,1.36831807914,0.0361188584485,3.0,Jacob's-Ladder
1.02979581045,-0.553806594755,0.119065408604,-0.540921697926,3.0,Jane-Eyre
0.688644750035,-0.613315820127,0.887533204125,0.505334823412,0.0,Jason-X
-0.222741458842,-1.28915551152,1.02827409228,-0.699730217774,3.0,Jaws-2
-0.595743160914,0.64040676481,-0.633975431655,0.573387608444,2.0,Jaws
1.02364108099,-0.126609698496,-0.593230790928,1.46391737862,0.0,Jay-and-Silent-Bob-Strike-Back
-0.179627567998,0.253101923873,-0.739394985908,0.349656982564,2.0,Jennifer's-Body
-1.00129977117,0.78024042551,-0.0122704437592,-0.395743381649,1.0,Jennifer-Eig
0.125127120595,-0.164615034006,1.06582677709,-0.787038982146,3.0,Jerry-Maguire
0.0329007120157,0.214806750683,0.00513739821316,0.0385703137597,1.0,Jeux-Interdits
0.0786750233059,-0.0356759678044,0.446659345611,-0.56801053492,1.0,JFK
1.16768043175,0.789729401307,-0.471544609545,0.567106002963,0.0,Jimmy-and-Judy
0.609093338426,-0.805083449917,-0.709136457054,1.59246226471,0.0,Judge-Dredd
1.64155677811,0.0282129602311,-0.436510533445,0.578769779089,0.0,Juno
1.10001430895,-1.68739216204,0.722060507519,0.271814442797,3.0,Jurassic-Park-The-Lost-World
-0.52908029043,-1.00593084275,-0.335826063202,0.593908795045,0.0,Jurassic-Park
-0.894893261028,-1.35926139741,-0.166125225493,0.520605129397,0.0,Kafka
0.219639451685,0.235455608165,-0.919341581676,1.29466919419,0.0,Kalifornia
1.15628003356,-2.67820481934,2.55496767607,0.516710400554,3.0,Kate-&-Leopold
2.02112030621,-0.461789369433,-1.48586998084,1.17613823962,0.0,"Kids-Are-All-Right,-The"
-1.89460418392,0.398434132386,0.081796622865,2.83017875578,2.0,Kids
1.22271148625,-1.06680570731,0.562230731676,0.707736525193,0.0,Kill-Bill-Volume-1-&-2
0.635044154315,0.0738669590319,-4.06984292445,2.97510954911,2.0,Killing-Zoe
-0.554682294455,-1.41849840297,2.92672876011,-0.877985174733,3.0,"King's-Speech,-The"
0.803408568629,-1.78884218363,0.339397536437,0.818896238987,0.0,King-Kong
-0.121620659296,0.281772798027,0.150662521011,-1.55048619635,1.0,"King-of-Comedy,-The"
1.45689711904,-0.406719842601,-0.342351838263,-0.161632493909,0.0,"Kingdom,-The"
-0.433047993789,-0.29360028681,0.368809315315,-0.203382739047,1.0,Klute
0.675926373512,-0.534400299066,-1.70094540056,0.871973647394,0.0,Knocked-Up
0.208870474202,-1.96232746391,1.199975371,0.00724544299669,3.0,Kramer-vs-Kramer
0.779033154823,-0.584930496543,-0.236572701797,1.13359422747,0.0,Kundun
1.28393356103,0.338277859946,-0.635728705991,1.45748896355,0.0,Kung-Fu-Panda
-1.21055033951,0.92281839977,-0.461045380356,0.957809933283,2.0,L.A.-Confidentia
-1.00291848898,-0.561416457368,0.774480893417,0.207358294658,1.0,Labor-of-Love
0.176034331571,1.47536868147,-0.264335023786,1.49082626881,2.0,Labyrin
-0.150873592173,-1.8991933541,0.377757266733,0.270902676687,3.0,"Ladykillers,-The"
1.14365949943,0.809665477674,-0.150626341804,-0.97609592267,1.0,Lake-Placid
0.00288442168524,-0.331848151055,0.423646589565,-0.507805977649,1.0,Land-of-the-Dead
0.0313426811093,0.0393416886116,0.283041036181,-0.141992536716,1.0,Larry-Crowne
-0.0826374772499,0.411911437265,-0.463411147115,0.212473080228,2.0,"Last-Boy-Scout,-The"
1.72592826984,-1.07282711727,-0.251629576312,2.07100539452,0.0,Last-Chance-Harvey
0.382338388949,1.73812777069,-1.64477023679,0.342719908492,2.0,"Last-Flight,-The"
-0.997134752042,-0.567856967636,1.2282356473,-0.877122857729,1.0,"Last-of-the-Mohicans,-The"
-0.604820664798,0.242811383052,0.886898613104,-0.645236657424,1.0,"Last-Samurai,-The"
1.29660338865,-0.245691881589,-1.41308029782,0.699273262277,0.0,"Last-Station,-The"
-0.219310852074,0.873491371914,-0.505048928219,1.11996463172,2.0,Last-Tango-in-Paris
0.2201400266,1.25498093159,-0.283261411398,0.905033437756,2.0,Law-Abiding-Citizen
-0.131887949066,0.133209161013,-0.0313097367927,-0.203705273751,1.0,Le-Diable-par-la-Queue
-0.155589642451,-1.27729294731,1.37552808638,-0.437494987198,3.0,Legally-Blonde
-0.517601109545,0.907242244367,-0.586067199651,1.30780503858,2.0,Legend
-0.278460977878,-0.731377420085,-0.38863210782,0.758659562125,0.0,Legion
0.297580257893,0.847390533689,0.0659441085494,-0.522244290455,1.0,Les-Miserables
-0.139419445172,0.150457976601,0.0445069967645,0.676544842932,0.0,Les-Tontons-Flingueurs
0.314628885179,-0.45903403923,-1.12799021068,0.87404164137,0.0,Leviathan
1.2938349852,-2.84534280737,0.652772542207,-0.160140297469,3.0,Liar-Liar
0.999362324438,-0.462893993668,-0.729260881181,0.233920065223,0.0,"Life-of-David-Gale,-The"
-1.46712286524,-1.55476361823,0.898441316616,0.490849044469,1.0,Life-of-Pi
-1.79076141208,1.80118340526,0.571083137997,-1.04078778712,1.0,Life
0.965307901991,-0.869129796518,0.0433273222605,-0.147910759699,0.0,Light-Sleeper
-0.13796535144,0.043206945155,0.353561119223,-0.050173440036,1.0,"Limey,-The"
1.8297167054,-1.92445648599,-1.03341444005,1.67057695751,0.0,Limitless
-0.168327951694,-0.835652133982,1.2704035508,0.00169715185416,3.0,"Lincoln-Lawyer,-The"
-0.211770543541,-0.514420584473,0.648562006669,-0.560874519227,3.0,Lincoln
-0.302616836327,0.567969519683,0.139888727991,-0.772664098829,1.0,Little-Athens
0.0419675069608,-0.0154882562018,-0.0353293491013,1.82140318039,0.0,"Little-Mermaid,-The"
2.30149663219,-2.58316320837,0.959908861618,1.32098271717,0.0,Little-Nicky
-0.438648190876,1.28391823304,-1.84126854512,1.30047442103,2.0,Living-in-Oblivion
-1.61086735913,1.11898955225,-0.297916674397,-1.01576203606,1.0,"Lock,-Stock-and-Two-Smoking-Barrels"
-1.69837126308,-0.620634665766,0.750525898624,1.50382087375,1.0,Logan's-Run
-0.763536581022,1.44987139426,0.356080380291,-0.357791498601,1.0,Lone-Star
-0.484550939854,-0.0520155206382,0.263975371621,0.0800758223665,1.0,"Long-Kiss-Goodnight,-The"
-0.328081664241,0.748548788189,-0.65321159447,0.493957982664,2.0,Looper
1.06528092083,0.118298401452,0.0373593694599,-0.533250113696,0.0,Lord-of-Illusions
-1.31424652943,-1.1449120738,1.13668924983,0.00698407554553,1.0,"Lord-of-the-Rings-Fellowship-of-the-Ring,-The"
-0.72010357702,-0.232347061389,0.879840437149,-2.07651051374,1.0,Lord-of-the-Rings-Return-of-the-King
0.385694858698,0.286932132245,0.418789142097,0.57549516629,0.0,Lord-of-the-Rings-The-Two-Towers
-1.03928070078,1.16387372495,0.35450528099,-2.67377882505,1.0,Lord-of-War
1.9637847116,-1.25599087006,0.3279437509,0.739787471773,0.0,"Losers,-The"
-0.904280058708,1.49767116462,1.28823869483,-1.55917943148,1.0,Lost-Highway
-0.162695667028,1.70247129061,-1.10227901623,0.428084796701,2.0,Lost-Horizon
-0.506613132752,0.871209051089,0.647667430785,-0.566353279049,1.0,Lost-in-Space
1.24559474521,-0.459623359196,1.04431318681,-1.34471332352,3.0,Lost-in-Translation
0.302757669253,-0.795853023249,-0.0944479987394,-0.0171359083935,0.0,Love-and-Basketba
-0.81353095416,1.62064642948,-2.24702419198,0.897041575287,2.0,Machete
1.41116910482,0.261361457134,0.468206161884,-1.35011911533,3.0,Machine-Gun-Preacher
0.631155304933,-0.253909359634,-0.29304320918,0.71012306862,0.0,Mad-Max-2-The-Road-Warrior
0.932731914622,0.754894043849,-2.3543948354,0.983891615201,2.0,Made
-1.54853953762,0.886438262436,0.30755261139,-1.05668359862,1.0,Magnolia
0.648892823474,-0.511293085261,1.72464481938,-2.21597867073,3.0,"Majestic,-The-(The-Bijou)"
-0.535973940091,1.07887372513,-0.428751256751,0.601972095988,2.0,Major-League
-0.677893153566,-0.634408113704,1.21041222991,-0.180425527814,1.0,Malcolm-X
0.0932216195212,-0.501102434179,-0.679552266605,2.05957335331,0.0,Malibu's-Most-Wanted
1.51652549362,-3.19925534242,0.659386244883,1.24601852689,0.0,Man-in-the-Iron-Mask
-0.170957756639,0.644524339561,-0.931650394318,-0.332452132487,2.0,Man-On-Fire
0.259545287031,-0.271253590771,0.192870410565,-0.93515633746,3.0,Man-on-the-Moon
1.30422059711,-0.727935203895,0.36368690846,0.489900406335,0.0,Man-Trouble
-0.789082051364,0.392977194739,0.145712499811,-0.323884964119,1.0,"Man-Who-Knew-Too-Much,-The"
-0.45425745295,0.278954414154,-0.3388127038,0.0209920742506,1.0,"Man-Who-Wasn't-There,-The"
2.39854765217,-1.51679573834,-0.662274233811,-0.794939144587,0.0,"Manchurian-Candidate,-The"
-0.132873801669,-0.365210548883,-0.770939461636,1.42806567104,0.0,Manhattan-Murder-Mystery
-0.0353311435521,0.176760268474,-0.361476577506,1.60779493119,0.0,Manhunter
1.19083881319,-0.771011080653,-0.152742726068,0.868553210411,0.0,Margare
-0.351100825623,0.202475230181,1.2570603839,0.152236466013,1.0,Margin-Ca
-1.49711156869,1.90330819827,-2.09160757212,1.81470684817,2.0,Margot-at-the-Wedding
-1.92485910586,0.0106623031395,2.38854817344,-1.72308918033,1.0,"Mariachi,-E"
-0.609069060371,0.299128602078,0.506541324411,-0.231111417192,1.0,Marley-&-Me
1.4876800451,-1.29215961688,0.210630144975,-1.22045062072,3.0,Martha-Marcy-May-Marlene
-2.25833578762,0.811695713438,1.1799781756,-0.115116130105,1.0,Marty
-0.163273921185,-0.148248794341,0.666132681784,-0.318616589512,1.0,"Mask,-The"
0.382069582733,-0.274712333276,-1.1527273325,0.295516103666,0.0,"Master,-The"
0.32415194282,1.49494791746,-1.90208991668,2.03639849841,2.0,Master-and-Commander
0.572158444149,1.21933612818,0.350547505505,-1.2599458998,1.0,"Matrix,-The"
-0.817348686586,0.285422986888,-0.2056806902,-0.801895025062,1.0,"Matrix-Reloaded,-The"
-0.0420559452813,0.67031836993,-0.241401462923,0.818116744054,2.0,Max-Payne
-0.207950208014,2.02176769017,0.0181730279482,-1.0176378093,1.0,Mean-Streets
-0.395655826991,0.643938480342,-1.30949622451,1.21546006108,2.0,"Mechanic,-The"
-0.718553631562,-0.265049573925,0.0758415519095,-0.630830627899,1.0,Meet-Joe-Black
0.922549038175,0.213942375829,-0.204580011544,-0.108521294115,0.0,Meet-John-Doe
0.891549962794,0.471294500319,-1.56585835214,1.17333792946,0.0,Megamind
0.917089824043,-0.107298403007,-1.43104162303,1.02563219405,0.0,Memento
2.31636870185,-1.34005604613,0.648542674784,0.749930816466,0.0,Men-in-Black-3
0.8156779061,0.845560599707,-1.43670259028,0.434129409837,2.0,Men-in-Black
-0.665110552964,0.44903314928,-0.422026812852,0.158557807339,1.0,"Men-Who-Stare-at-Goats,-The"
-0.95349269012,0.555801259827,-1.19894498255,0.244626273527,2.0,Metro
0.129747995368,0.635632306721,0.451569977589,0.0747161030247,1.0,Miami-Vice
-0.721040565519,-1.32757125329,-0.31120743686,1.33113329978,0.0,Midnight-Cowboy
-1.13843737078,-0.0294700984707,-1.40801210189,1.055269866,2.0,Midnight-Express
-0.0546586308319,2.66155314029,-2.0735483571,-0.853723551072,2.0,Midnight-in-Paris
-1.62554355633,3.1802303932,-1.80511798213,-0.460040097772,2.0,Mighty-Morphin-Power-Rangers-The-Movie
-0.269793228841,0.115788189492,-0.905526993172,0.0584090907376,2.0,Milk
0.679498118339,-0.640194477403,0.372969733106,0.060132036537,0.0,Miller's-Crossing
0.0889694227772,0.521632519498,-0.919775847435,-0.362955525232,2.0,Mimic
0.832628755546,-0.809300646589,1.23041598431,-1.00610897205,3.0,Mini's-First-Time
-1.94660042921,0.446598485877,1.95800689733,0.756151836448,1.0,"Miracle-Worker,-The"
-0.269188635291,-0.704821803965,0.404512931085,-0.475536216547,3.0,Mirrors
-1.12157655951,0.333817225794,0.357661152912,-0.206980257047,1.0,Misery
0.0921707940345,-0.0627482019884,-0.76615877673,0.872841265403,0.0,Mission-Impossible-II
-0.176637551986,0.501008105702,-1.04730247227,-0.32565077532,2.0,Mission-Impossible
-0.787384368311,0.438758752737,-0.683596014294,0.454010554165,2.0,Mission-to-Mars
-0.10838333363,-1.09642545542,1.12658511867,-0.834580852228,3.0,Moneyba
-0.813061836007,-0.477482519859,0.846513602766,0.218445592016,1.0,Monkeybone
-1.24222797584,0.866031511647,-0.0884136236321,-0.0387876317567,1.0,Monte-Carlo
0.247596489431,-0.111933538909,-0.53227790658,0.984402944632,0.0,Moon
0.245707271169,-0.894603739935,0.0469344389501,1.48316732344,0.0,Moonrise-Kingdo
1.70891798334,-1.29730581372,0.752053682112,1.40925534164,0.0,Moonstruck
2.13324093288,-2.04161635268,-0.455115889402,-0.358552230446,0.0,Mr-Blandings-Builds-His-Dream-House
0.223634595386,0.307828485039,-0.127605636066,0.630058186688,0.0,Mr-Brooks
-0.0329188232262,-0.958928511195,-0.00587428514376,0.0458487406898,0.0,Mr-Deeds-Goes-to-Town
0.761794561737,-0.161210983905,0.183070554401,-0.011828057211,0.0,Mrs.-Brown
0.555431450899,-0.47777550715,0.920973654186,-0.238171408475,3.0,Mud
-0.322154514655,0.395205279544,0.46153670238,-1.05461801063,1.0,Mulan
-1.0839245937,0.0655546829209,0.560288980738,1.30562805166,1.0,Mulholland-Drive
0.401800863625,0.392620731564,0.45674836432,-1.00184302828,1.0,Mumford
0.582528729793,0.0387774536515,-1.05730917903,0.638468826552,0.0,"Mummy,-The"
-1.01015165411,0.574240217431,0.713692872198,-0.213318636014,1.0,Music-of-the-Hear
-1.01152353834,0.659840112628,0.422003187585,-0.953384664762,1.0,Mute-Witness
-0.31453889852,-1.04562070235,1.239122672,-0.637742592497,3.0,My-Best-Friend's-Wedding
1.43309757558,-0.0242209071269,0.221558980464,-1.24104844576,3.0,My-Gir
0.783719723214,1.91983469817,-0.353933292758,1.23423042089,2.0,My-Mother-Dreams-the-Satan's-Disciples-in-New-York
0.533351574055,-0.314056943783,-1.09367551328,1.94454697599,0.0,My-Week-with-Marilyn
-1.24817567459,-0.382225436681,6.11487978922,-5.36081217982,3.0,Napoleon-Dynamite
-0.954414363571,-0.300104148813,0.881066339223,-0.117301080824,1.0,Nashville
0.285692255084,-0.813751829092,0.472388885334,-0.261521035869,3.0,Natural-Born-Killers
-1.15008354505,0.20144047895,1.20829196475,-1.03392542939,1.0,New-York-Minute
-0.287994689772,-0.0409493859031,-0.780745655565,-0.491537412525,1.0,Newsies
0.0325297543048,0.540921556284,0.233822328991,-0.517604711234,1.0,Nex
-0.901618523072,-0.139893717421,0.644156427782,0.0235056758627,1.0,Next-Friday
-0.495964695344,-0.623452572293,-0.166514430374,0.919453208203,0.0,"Next-Three-Days,-The"
0.210038347683,-0.32060777106,0.767326139098,-0.070302100465,3.0,Ni-vu-ni-connu
0.860945193205,0.36362160429,-2.20515183704,1.34567578611,2.0,Nick-of-Time
-1.39582033607,-1.31302340777,1.17728125162,-0.298787795081,3.0,Night-Time-(The-Poltergeist-Treatment)
0.843741438251,-0.551532592754,-0.65498464295,0.361422563887,0.0,Nightbreed
-0.722067343146,0.838203460317,4.37162233777,-3.33749984626,3.0,"Nightmare-Before-Christmas,-The"
-0.864560116177,1.37855209425,1.16101410557,-1.12511536211,1.0,"Nightmare-on-Elm-Street,-A"
0.33602157805,-0.959810372392,0.928318859173,0.272145062865,3.0,Nightmare-on-Elm-Street-The-Final-Chapter
-0.909209297988,0.857372009167,-0.574811289196,0.826952143261,2.0,Nine
-0.955965751425,0.105707228635,0.885210641736,-0.824136203325,1.0,"Nines,-The"
0.457146449483,-0.8221667251,0.24047746798,0.562286378857,0.0,Ninja-Assassin
-0.189845261206,-1.42692174359,1.82707678785,-0.74388719822,3.0,Ninotchka
1.06407243537,0.724029162935,0.0744421273545,-1.47959628355,1.0,No-Strings-Attached
-0.454069827276,-1.22472654842,1.34426467991,-0.359804244705,3.0,Notting-Hi
1.72323302982,1.09853033625,-0.398890097588,-2.22297551668,1.0,O-Brother-Where-Art-Thou%3f
0.573293780212,-0.87961866745,0.393361314828,0.568858669155,0.0,Oblivion
0.647902714311,0.36411585153,0.311339584499,-1.19439817336,1.0,Observe-and-Repor
-0.327784627121,-0.73401622908,-0.67082513374,1.78038931366,0.0,Obsessed
0.148169960813,0.539463482409,-1.31876594026,0.999491423157,2.0,Ocean's-Eleven
-0.683573719936,0.781537364449,-0.0272109319206,-0.245536934213,1.0,Ocean's-Twelve
0.545708673338,2.26078619987,-1.62724206329,-0.186387837392,2.0,Office-Space
-0.893693902467,0.187720646545,-0.250668102339,2.24046091538,2.0,One-Flew-Over-the-Cuckoo's-Nes
-0.00421173610954,-0.0987929234257,0.123389345781,0.86404862821,0.0,Only-God-Forgives
1.47917463474,-0.880386183731,-0.56763707971,0.415899170449,0.0,Ordinary-People
0.0813442279636,-1.20337862084,-1.09160772851,0.48116722018,0.0,Orphan
-1.18208015957,0.562914677871,-1.19376003325,0.833213849122,2.0,"Other-Boleyn-Girl,-The"
-0.0564710629814,0.80342951319,-0.911560612394,0.291728409775,2.0,Out-of-Sig
-1.51220646158,0.462727126295,-0.227049125988,2.643981532,2.0,"Pacifier,-The"
0.125858677289,0.139473269231,0.0237670498631,0.0737022509523,1.0,Pandoru
0.0420756312158,-0.0612774377776,0.484125320779,-0.883968717374,1.0,Panic-Roo
-0.958696575322,1.27445532855,-0.88045513116,0.404990465943,2.0,Papadopoulos-&-Sons
0.158243081497,0.084394733039,-0.86040761743,-1.88683946926,1.0,ParaNorman
-0.370011834451,-0.543458565866,0.810536413764,0.714984437281,0.0,Paria
1.1396252064,-1.36776188036,1.1745897617,-1.20960282355,3.0,"Passion-of-Joan-of-Arc,-The"
-1.43316872703,1.72862796875,-1.09483321083,0.00585829891743,2.0,"Patriot,-The"
-1.50912207862,1.23604835018,-0.448257456792,0.893821970762,2.0,Pau
-0.535987422153,1.27122541516,-1.46900337929,0.801352262641,2.0,Peeping-To
0.364639771368,0.559390564633,0.699736378124,-0.441943551323,1.0,Peggy-Sue-Got-Married
-0.35676180945,-1.78410199483,-0.122576995642,-0.104244428111,3.0,Perfect-Creature
0.0718236609188,0.286054849107,0.405647037192,-0.546860341806,1.0,"Perfect-World,-A"
0.089776134979,-0.341368076949,-1.23701918284,1.5350840164,0.0,"Perks-of-Being-a-Wallflower,-The"
-0.93055993065,0.703146307283,-1.48874001835,0.303162158257,2.0,Pet-Sematary-II
-2.48350715521,0.597051137033,0.424101972424,-1.1015039977,1.0,Pet-Sematary
0.686046905575,-1.69753111157,1.02663124631,0.0163901708499,3.0,Petulia
-1.8320482549,0.734221810386,0.687566133131,0.43371241257,1.0,Philadelphia
-0.807508267548,0.512344049775,0.485550795084,-2.10353627883,1.0,Phone-Boo
0.159317617059,-0.512295539283,1.13338340516,-1.53193184424,3.0,Pi
-0.335210179939,0.521512806212,0.0986901360719,-0.675875647145,1.0,"Pianist,-The"
-0.840264187049,1.76158427026,-1.02091973051,-0.504034494388,2.0,"Piano,-The"
-1.34747909116,-0.0328321769135,0.74509728959,-0.015470606941,1.0,Pineapple-Express
-0.250889663851,0.341455117515,1.02105301263,0.304966935807,1.0,Pirates-of-the-Caribbean-Dead-Man's-Ches
-1.01117861437,1.55223844661,-0.202707005492,-0.551274481586,1.0,Pirates-of-the-Caribbean
0.726166667911,-0.3821159912,0.48439241585,0.537086717045,0.0,Pitch-Black
1.05797082301,-0.519084098782,0.305233294452,0.0336370723371,0.0,Platinum-Blonde
-0.529334626116,0.673242850361,-0.905734744672,0.8310165667,2.0,Pleasantville
-0.812984205062,0.470630313764,0.223269858374,0.305942161804,1.0,Point-Break
1.78421971804,-0.929638825797,-1.2879347329,0.248600302543,0.0,Pokemon-Mewtwo-Returns
-0.116873496491,0.217823484189,-0.608438553913,0.0468900800935,1.0,"Postman,-The"
1.12028980388,-0.0356969064401,0.47193747689,-1.48826556776,3.0,"Power-of-One,-The"
-0.221692371916,1.77377514273,-0.612813490014,0.830208697812,2.0,Precious
-1.85250258147,0.297802172756,0.616746784533,0.869277088264,1.0,Predator
0.0351110829212,-0.565979210417,0.179241579738,0.291017979216,0.0,Pretty-Woman-(final-script)
0.83955236014,0.00549989437425,0.0384639122907,-0.551611903804,0.0,Pretty-Woman
0.0550620046638,-0.651789461822,-1.40097621564,2.54949800819,0.0,Pride-and-Prejudice
0.50196488176,0.270469789248,-0.629149929772,0.156422009279,0.0,Pries
-1.07273212264,-0.264554173869,1.07797180208,1.23165839638,1.0,"Princess-Bride,-The"
0.0243833971917,0.204769112872,0.174055002424,-0.544700264746,1.0,"Private-Life-of-Sherlock-Holmes,-The"
0.931245371264,0.47202205938,-0.269770158502,-2.01751144203,1.0,"Producer,-The"
-0.498231993354,0.183428150257,0.345841449458,-0.276836045701,1.0,"Program,-The"
0.657088199062,-0.229878980522,-0.791738051226,0.842440886987,0.0,Prom-Nig
-0.643701363156,-0.0836690108483,-0.249090180236,-0.380695945681,1.0,Prometheus
1.31681414999,-1.79313916716,0.768550057099,-0.462886346736,3.0,"Prophecy,-The"
0.293490475755,-0.602129539962,1.42270703729,-0.710799350536,3.0,"Proposal,-The"
-0.475648658899,-1.06763250147,1.42183026105,-0.152300968955,3.0,Psycho
0.982689863229,-0.873176207318,-1.02395896328,0.312677004373,0.0,Public-Enemies
-0.283159838305,-1.46968553038,1.5750585808,-1.1078413677,3.0,Pulp-Fiction
3.65950748939,-0.827621779024,-1.94390779075,1.12924993495,0.0,Purple-Rain
-2.22368392239,2.59584214267,-1.03432916644,-0.0333643251931,2.0,Quantum-Projec
0.0945840539328,0.659741357284,-0.981099145565,0.417143291605,2.0,"Queen,-The"
0.653235322782,-1.63783808676,0.0632230477902,1.10613455444,0.0,Queen-of-the-Damned
1.70563492122,-0.377431161539,-1.70315519255,0.837089221795,0.0,Rachel-Getting-Married
-0.541221645969,1.20950687326,-0.237374279346,-0.932537365374,1.0,Raging-Bu
0.301524859916,-0.80082008519,-0.436609687081,-0.11566380653,0.0,Raising-Arizona
0.89899639887,-1.01619488337,-1.20837626159,2.89036886872,0.0,Rambling-Rose
1.97133587902,-1.1684213138,0.649081198106,-1.39399844303,3.0,"Reader,-The"
-0.367431469933,-0.492493841012,1.04846143826,-1.06588287472,3.0,Rear-Window
1.14977039695,-0.313225855441,0.160893594544,-0.477575542938,0.0,Rebel-Without-A-Cause
-1.1782905316,0.635793952851,0.653800654229,-0.362682729143,1.0,Red-Riding-Hood
0.542603999378,-0.150164683184,-0.0196074677187,0.482884307362,0.0,Reindeer-Games
-0.696854890098,0.00492402983118,1.06797753636,-0.913160461721,1.0,"Relic,-The"
-0.0835498195636,-0.423346743528,-0.117324923117,-0.00370432757761,0.0,Remember-Me
0.41800314255,-0.790051659184,-0.0902703799195,1.08030434981,0.0,"Replacements,-The"
-0.276638699753,2.16060451909,-1.85348910712,0.286349599351,2.0,Repo-Man
0.976745615059,-0.638160267301,1.44551372001,-1.64482049979,3.0,"Rescuers-Down-Under,-The"
-1.92492612847,1.32950587232,1.02969711829,-0.318374512481,1.0,Reservoir-Dogs
0.283788906205,-0.0438788846323,0.263927636951,0.397993410107,0.0,"Revenant,-The"
1.39242658987,-0.686984888091,-0.220660196308,0.0611416847665,0.0,Revolutionary-Road
-0.933124104651,-0.577482062478,0.993830569378,-1.287746878,1.0,Ringu
0.573781876756,-0.827395626026,0.441778548292,-0.882550505128,3.0,Rise-of-the-Guardians
0.302689747509,-2.78750802764,1.36047333476,-1.17095273437,3.0,Rise-of-the-Planet-of-the-Apes
-0.836616677434,-1.14208161573,-0.750272742677,-0.430177978578,1.0,RKO-281
-0.386120418299,-0.493859495154,1.81443802999,-1.27555666852,3.0,"Road,-The"
0.234976042908,0.68958988439,0.585792794713,-1.06892806853,1.0,Robin-Hood-Prince-of-Thieves
0.758853181954,-1.14064808874,-0.340796899682,0.22808950994,0.0,"Rock,-The"
0.218632883816,-1.04770183332,1.36793012177,-1.15860394064,3.0,RocknRolla
-0.642536531529,2.00662244098,-2.94022542688,1.63147337262,2.0,"Rocky-Horror-Picture-Show,-The"
-0.387986224494,2.4179522618,-1.00711218547,0.663648202627,2.0,Rocky
0.453491927013,1.79852267459,-2.07994968877,0.721130093003,2.0,Romeo-&-Julie
0.619093026616,0.168549878011,-0.666293250815,0.362978293884,0.0,Ronin
0.535698550149,-0.219431110059,0.326845408906,0.268766814287,0.0,"Roommate,-The"
-0.0327302559634,-0.281728809433,0.97754517673,-0.812627293188,3.0,Roughshod
0.18825922485,0.505004251539,-1.18832959264,0.0949365337561,2.0,"Ruins,-The"
0.986255198814,-0.270857851171,0.592300594405,0.718163102761,0.0,Runaway-Bride
0.485737959584,0.72169435852,-0.255302062669,-0.0117302699553,0.0,Rus
0.335741497783,-0.672843855301,1.69715047715,-1.81891442679,3.0,Rush-Hour-2
-0.927499944187,-0.459810287691,1.04919773291,-0.917796546788,1.0,Rush-Hour
1.91827858278,-0.835613407025,-0.0437569967173,-0.794408333752,3.0,Rushmore
-1.06228625762,1.37248488083,0.017843478907,-0.537763930635,1.0,Rust-and-Bone
-0.324815438001,-1.16963006876,0.55606151577,0.815860682615,0.0,S.-Darko
-0.311122112299,-0.588170066347,-0.130336496908,0.182928938865,0.0,"Salton-Sea,-The"
-0.59786028066,-0.656941108168,0.866329239244,0.296588634061,1.0,"Sandlot-Kids,-The"
-0.375947902124,-0.633237974912,-0.508406078352,-1.08835731584,1.0,Save-the-Last-Dance
0.121987991224,-0.684813092104,-1.54670069307,2.07042548922,0.0,Saving-Mr.-Banks
-0.555936470175,0.656901667436,-0.858337605201,0.0839209146777,2.0,Saving-Private-Ryan
1.42596684338,1.92102941089,-3.15980755776,-0.129896165787,2.0,Saw
-0.325035172943,1.28380368173,-0.0336809967362,1.66802063868,2.0,Scarface
0.180566230401,-0.641296903158,-0.171233136379,0.383386074811,0.0,Schindler's-Lis
-0.862869653765,0.683414212573,-0.891676040448,0.325791734739,2.0,Scott-Pilgrim-vs-the-World
-0.034556813981,0.487423139133,-0.518382099002,0.066266201978,2.0,Screa
0.449118518201,-0.133042009387,0.0772858366084,-0.19567599588,0.0,Scream-2
0.0211178921898,-1.42373115811,1.78352076911,-1.03081985862,3.0,Scream-3
1.10857289309,-0.486870219911,-0.131013953591,-0.10979105953,0.0,Se7en
-1.69323707876,0.922101917464,0.423874916534,0.264377292654,1.0,"Searchers,-The"
0.968536824953,-2.19308791852,0.983462446384,-0.85853895975,3.0,Semi-Pro
-1.36163604807,1.11500875631,-1.13563423229,0.575867759782,2.0,Sense-and-Sensibility
-0.108681347504,-0.764245806131,0.123043145848,0.393759786762,0.0,Serenity
0.253168823395,-1.7221707775,0.78731239285,0.252329174783,3.0,Serial-Mo
0.028217979975,0.911408082186,-0.592590051628,0.524312173565,2.0,"Sessions,-The"
0.134315519924,-0.702019544897,2.40626455414,-1.77261286219,3.0,"Seventh-Seal,-The"
-0.0307518535315,-1.55786364277,1.60874790454,-0.820267950088,3.0,Sex-and-the-City
-0.516640505224,-1.09286233431,2.43138388679,-0.857651282114,3.0,Sexual-Life
0.26509769903,0.314482264211,0.255537471363,-1.45215692645,1.0,Shakespeare-in-Love
-1.43586358961,-0.470078468058,1.95360362817,-1.07075959489,1.0,Shallow-Grave
-0.565365964284,1.96620624198,-0.977541543704,-3.52554225117,1.0,Shame
0.0301502992032,1.44291748823,0.0979060848338,-1.05735190781,1.0,"Shawshank-Redemption,-The"
1.56952762227,0.68172340418,-0.747877767172,-0.0347340102847,0.0,She's-Out-of-My-League
-0.975960290992,0.238098387701,0.25017711066,0.458178138028,1.0,Sherlock-Holmes
-2.347326887,1.10521285318,-0.408161278054,-1.15698749217,1.0,Shifty
0.0934568556354,-1.17107771726,-0.0964444858784,-0.362133055719,3.0,"Shining,-The"
1.23674098507,-0.146898624672,0.101854316109,-0.0638837814941,0.0,"Shipping-News,-The"
-1.29913254074,2.09600539588,-1.87015892252,1.96834754235,2.0,Shivers
-0.00750782440604,-1.59167893265,-1.00175416892,0.985443348125,0.0,Shrek-the-Third
1.63495991139,-1.98559824547,0.981730074013,-0.516650228443,3.0,Shrek
-0.0353753207837,-1.08781821112,0.401912828108,0.133749945554,3.0,Sideways
0.240389024016,0.835422502124,-0.771377903285,-0.357729436059,2.0,"Siege,-The"
1.07152292233,0.148980408771,-1.05582723338,1.30521328103,0.0,Signs
-0.200346387248,0.502293699651,-0.844535162913,-0.0917287063768,2.0,Silence-of-the-Lambs
0.234334668706,-1.09072801457,2.58381449031,-1.27915427922,3.0,Silver-Bulle
1.0854408034,-2.63462723481,1.63894988288,0.0305677553123,3.0,Silver-Linings-Playbook
2.06897740541,-0.926191898672,0.214358950774,0.379794165121,0.0,Simone
0.75811308544,-1.29675618292,-0.379493906322,-0.0445962498694,0.0,Single-White-Female
2.61548358623,-1.39561843858,1.33878044262,0.410113408982,3.0,Sister-Ac
1.63963106564,-1.71593708631,0.767242736653,-0.78783197178,3.0,Six-Degrees-of-Separation
-0.521645014345,0.814100972064,-0.769807142284,1.05073660461,2.0,Sleepless-in-Seattle
0.578514180075,-0.584198274381,1.20191516289,-0.213863973294,3.0,Sleepy-Hollow
-0.250954623917,-0.524997099071,0.406470768782,0.162284776615,1.0,Sling-Blade
-0.625652678417,0.386183456265,-0.530559989325,-0.794152254204,1.0,Slither
-0.306492344923,0.627930305464,-0.630736480775,0.569987649346,2.0,Slumdog-Millionaire
-0.421457485691,0.112259735671,0.442720774807,-2.85118346412,1.0,Smashed
-0.0762444764869,-0.120876059449,-0.596939908087,-0.721408647763,1.0,Smokin'-Aces
-0.53175383928,-1.54362619372,1.86761841448,-2.53619797878,3.0,Snatc
0.00473836978565,-0.240788358636,0.115403169568,0.422251906674,0.0,Snow-Falling-On-Cedars
-1.74701359171,-0.552941863961,0.583782432501,-0.576004147434,1.0,Snow-White-and-the-Huntsman
2.6535204276,-0.117443314132,-1.91536731705,1.70685436398,0.0,So-I-Married-an-Axe-Murderer
-0.73331679685,1.20605178579,-0.933722158826,0.564715545339,2.0,"Social-Network,-The"
0.498828794989,-0.570272285689,0.854867297929,-0.781438832882,3.0,Solaris
0.285611826444,-1.07566206448,0.652405170315,0.604454162465,0.0,Soldier
-4.27184894639,0.036451012574,-0.58377040994,-0.64391162012,1.0,Someone-To-Watch-Over-Me
-0.0786845524114,-0.610161452842,1.37746843504,-1.31984177085,3.0,Something's-Gotta-Give
0.157385959719,-0.172098573331,-0.211561206236,0.15037086899,0.0,Source-Code
1.13119999606,0.287282714424,0.293823756072,0.47581299235,0.0,South-Park
-0.680894200976,0.675917827151,-1.48690476458,1.44035619137,2.0,Spanglis
0.628058369581,0.130956458969,0.769548150395,-2.19164991307,3.0,Spare-Me
0.522330182874,-0.571983129454,0.190116567619,-0.447192807227,3.0,Spartan
1.94958263596,-1.92023616603,0.22628810171,-0.723390332943,3.0,Speed-Racer
-0.556830084653,0.424426082086,-0.147332933478,-0.526999317954,1.0,Sphere
0.79998068641,0.695921966523,-0.893054550645,0.609218517211,0.0,Spider-Man
0.251537226621,-1.78415529892,1.99774890443,-1.55351631923,3.0,St.-Elmo's-Fire
0.275110355362,-1.112326845,0.973315201058,-0.20983288982,3.0,Star-Trek-First-Contac
-1.18390430089,-0.675109271297,0.37698667089,1.96640839738,0.0,Star-Trek-Generations
0.506889646263,-1.6420898033,0.355972622164,0.551585838569,0.0,Star-Trek-II-The-Wrath-of-Khan
-0.899731240522,0.0710765617902,-1.0338725232,0.233816002681,2.0,Star-Trek-Nemesis
0.204367903366,0.116668524916,0.239789284092,0.0649065825474,1.0,Star-Trek-The-Motion-Picture
0.0475089849558,-0.537724687715,-1.2188783949,0.584854422195,0.0,Star-Trek
0.0269473075391,-0.0162044759887,0.89701252524,-0.266038595929,1.0,Star-Wars-A-New-Hope
-0.383365827165,1.64688541994,-1.58275828936,1.53339621832,2.0,Star-Wars-Attack-of-the-Clones
0.496053615271,1.25419786527,-0.777834795542,-0.0524143479861,2.0,Star-Wars-Return-of-the-Jedi
-0.658718408926,0.475842035456,-0.476475971841,0.671411144293,2.0,Star-Wars-Revenge-of-the-Si
0.282729012832,0.581112209283,0.350213252468,0.21340414163,1.0,Star-Wars-The-Empire-Strikes-Back
0.190899788289,0.071121561567,-0.239622692085,-2.0461113029,1.0,Star-Wars-The-Force-Awakens
-0.0102869637821,1.09896821688,2.00037356847,-0.764866779355,1.0,Star-Wars-The-Phantom-Menace
-1.01609310484,-0.30847200253,0.360865997138,0.630585029247,1.0,Starman
-0.237825665347,0.296235726911,-0.391228196523,-0.451545002991,1.0,Starship-Troopers
0.599717246918,-0.989733382808,0.257182297563,0.0226739189142,0.0,State-and-Main
-0.0391000027346,0.52678816217,-0.103866908696,-0.607890966911,1.0,Station-Wes
1.12297185426,-0.581808021181,0.15446624366,0.746786199857,0.0,"Sting,-The"
0.909908396661,-0.873794852018,-0.412557128653,0.295602667817,0.0,Stir-of-Echoes
1.24864130887,-0.220486276375,1.64438627405,-0.482993032231,3.0,Storytelling
0.489740877252,-0.742330734115,0.359087446846,-0.176872345874,3.0,Strange-Days
-1.84903221922,0.498348860399,0.398845937048,-0.63715962229,1.0,Strangers-on-a-Train
0.28185241117,0.13974469622,-0.232551498752,-0.170574873695,0.0,"Stuntman,-The"
0.932386558209,-0.199578589764,-1.09331089972,-1.08940179446,0.0,Sugar
1.06748336912,-0.59921786328,0.339256869857,0.573424079465,0.0,Sunset-Blvd
-0.0317195455309,1.6717967295,-1.26585315847,-0.405068161962,2.0,Sunshine-Cleaning
-0.958480033719,-0.393128788263,-1.10480408112,-0.866879904796,1.0,Super-8
-0.340582516264,1.21100324077,-1.12849980472,0.0596258790217,2.0,Superbad
-0.850452520378,0.495183244795,-0.227785630513,0.173643763617,1.0,Supergir
-1.354745218,1.02998304183,-0.341336376246,-0.0505179727893,1.0,"Surfer-King,-The"
-0.453716670476,0.571378831576,-1.10955419243,0.596774676928,2.0,Surrogates
-0.0370048587804,-0.036533807454,0.795348437833,-0.36162315003,1.0,Suspect-Zero
2.51795273342,0.202751936901,0.369699246463,-0.921842312457,3.0,Sweeney-Todd-The-Demon-Barber-of-Fleet-Stree
-1.03203334499,0.709425430893,-0.220491051074,0.00875153277255,1.0,"Sweet-Hereafter,-The"
-0.0751369894782,0.50631748986,-0.00294965154424,-1.32236850019,1.0,Sweet-Smell-of-Success
-0.398564004379,-0.82206910325,0.32959984887,1.11540025022,0.0,Swordfis
1.0200328161,0.311808733246,-0.344587445179,0.182762521141,0.0,"Synecdoche,-New-York"
0.883785803529,-0.355011983458,-1.27913943512,1.14746330262,0.0,Syriana
-0.637805658931,0.992834338984,0.0377469154087,0.0522838997821,1.0,Take-Shelter
0.0423194954361,0.01465572318,0.44296941268,-0.728976641159,1.0,Taking-Lives
0.787672889697,0.920730041625,-0.785178753091,-0.0331798371821,2.0,"Taking-of-Pelham-One-Two-Three,-The"
0.71656529766,-1.15452705363,-1.19962403687,2.16238480019,0.0,Taking-Sides
0.620330270645,-1.03591902858,-0.725291596819,0.465174752231,0.0,"Talented-Mr.-Ripley,-The"
-0.156461318376,0.56157156448,0.0507889325137,-0.475764666314,1.0,Tall-in-the-Saddle
-0.345336951772,1.41574220355,-0.779009983542,-0.742214129515,2.0,Tamara-Drewe
1.90525669091,-0.0475800355249,-2.15322225149,0.817803366083,0.0,Taxi-Driver
-0.385877649749,0.954414395967,-0.442597338192,-0.461591915835,1.0,Ted
0.599294318872,-0.993587140136,0.729340266218,-0.24150004819,3.0,Terminator-2-Judgement-Day
0.926444759415,-1.30823108737,1.20626066653,-0.272129128572,3.0,Terminator-Salvation
0.596873708841,-1.08271811792,0.851686436829,0.682193236199,0.0,Terminator
0.198384895426,-1.00350383144,1.69464605272,-0.0631968046329,3.0,The-Rage-Carrie-2
-0.528682099416,1.19833469966,0.144440615257,-1.23567090416,1.0,Thelma-&-Louise
-2.60924781389,0.677524163314,0.541131943883,-0.267376857025,1.0,They
0.206818407343,0.527482259762,0.0971066802861,-0.239329183074,1.0,"Thing,-The"
0.232306960143,-0.67561133532,1.79448307637,0.46437138044,3.0,"Things-My-Father-Never-Taught-Me,-The"
0.232333086145,0.0756508295649,-0.0723800737762,0.430561366011,0.0,Thirteen-Days
1.69181920321,-0.252273272908,-0.467816718868,-0.00060011355232,0.0,This-Boy's-Life
0.128883369168,-0.692728039717,0.335999607263,-1.01369057246,3.0,This-is-40
-1.5741606031,0.659256412989,-0.442066023024,0.837965228595,2.0,Thor
-0.668939430144,0.476482366784,0.004150157348,0.627680006696,1.0,Three-Kings-(Spoils-of-War)
-0.635243779298,-1.26005047286,0.317067650974,1.94940580509,0.0,Three-Kings
-1.24166895051,-0.704304433103,0.35354581379,0.716838059534,1.0,Three-Men-and-a-Baby
0.586390167396,-1.10147629182,1.56700509833,-1.95875191558,3.0,"Three-Musketeers,-The"
-1.93364699037,-0.181144161574,0.481245546278,1.37900549742,1.0,Thunderbirds
-0.713179136886,0.464288413959,-0.835591414019,-0.706313349197,1.0,Thunderhear
-0.124139274242,2.50704733793,-1.25567765963,-0.253979684005,2.0,Ticker
0.115913407915,-1.61559619464,0.763696738555,-0.67190552621,3.0,Timber-Falls
1.05522654915,-0.31730464756,-1.31501165692,-0.392306987439,0.0,"Time-Machine,-The"
-0.841719512055,-0.0909121980479,0.297545622614,0.289566032402,1.0,Tin-Cup
0.640699462242,-1.06344241225,1.15028357018,-0.992547430867,3.0,Tin-Men
-0.456705978671,0.215302715127,-0.237129891452,-0.536320806429,1.0,Tinker-Tailor-Soldier-Spy
1.02613716365,1.02820177859,-3.55007249629,-0.0331086676264,2.0,Titanic
1.0712285196,0.515962971188,-1.25500738827,-0.104632994924,0.0,TMNT
0.698652699465,0.326545258733,-1.03053106256,1.23994080782,0.0,To-Sleep-with-Anger
-0.00962467525225,0.422482240487,-2.03040777207,1.04493740162,2.0,Tombstone
-0.791794786037,1.07854990449,-1.04090475449,0.126150478833,2.0,Tomorrow-Never-Dies
-1.72093230697,1.62917100273,-0.927200444896,0.890227374609,2.0,Total-Reca
0.721798386398,-1.53821731296,2.03440586118,-1.00596191318,3.0,"Tourist,-The"
-0.943046850396,0.852803446485,0.183741572065,-1.16225367276,1.0,Traffic
-0.394522936399,-0.531491242155,0.918081714108,-0.616099114242,3.0,Training-Day
2.82562241614,-2.39124205952,1.0682847768,0.424604788559,3.0,Trainspotting
1.13644364053,0.832940380769,-0.626751168634,1.51236908838,0.0,Transformers-The-Movie
0.691122887628,0.0965046003542,1.43820992894,-2.09229641102,3.0,Tristan-and-Isolde
0.0800192977518,-1.27530018176,1.00704114273,1.11251416068,0.0,TRON-Legacy
-0.63532028933,-0.328112233975,0.811417190057,0.608111778434,1.0,TRON
-0.698652924846,1.26201566134,0.0986377365027,1.06631288373,2.0,Tropic-Thunder
0.389384211572,-0.0816332201059,-0.239633197888,0.345037575961,0.0,True-Gri
-0.55293986547,0.772714551889,-0.0650441127114,0.263495801243,1.0,True-Lies
-0.00399570127364,0.139145961891,0.156952917063,1.31161374248,0.0,"Truman-Show,-The"
-1.12651791932,-0.206814475622,0.676856431812,-0.0946975688388,1.0,Twilig
-1.59168807046,0.732227606852,-0.445791204815,0.418290566504,2.0,Twilight-New-Moon
0.368838752961,-1.10003571138,0.335484674867,0.373478568711,0.0,Twin-Peaks
1.31374898014,-2.21826651985,0.457224977733,0.769167393978,0.0,Twins
-0.201804790383,0.216376603316,-0.185307123742,-1.90035368301,1.0,Two-For-The-Money
0.016327227437,0.291410830404,-1.61634431326,0.418442375596,2.0,U-Turn
-0.516177313754,-0.504096195936,-0.563411633146,1.53683809201,0.0,"Ugly-Truth,-The"
0.0729268230982,0.251304700714,0.147405861826,-0.394678385044,1.0,Un-Singe-en-Hiver
-0.651695948942,0.828543864384,-0.146243362132,0.36008855003,2.0,Unbreakable
0.0222586152504,-0.431079952751,0.788190929621,-1.30533037423,3.0,Under-Fire
-0.48353761911,0.0446460678147,0.0389318061533,-0.36578387369,1.0,Unknown
-0.472056084822,0.64200023959,-0.225041922174,1.06263396081,2.0,Up-in-the-Air
0.279426004444,0.122155645254,-0.0476420279439,-1.27224122812,1.0,Up
-0.432995362728,-1.1145349024,1.32854574969,-1.02289570125,3.0,V-for-Vendetta
0.853787702028,-0.878891901513,0.393166527864,-0.900204985407,3.0,Valkyrie
0.881493222924,-1.766759566,1.06693117576,-1.67898888016,3.0,Vanilla-Sky
1.25217649168,-0.894261374892,-0.123640224899,-0.520505903111,0.0,"Verdict,-The"
-0.453353578312,1.67436333191,-1.70140846621,1.46315323598,2.0,Very-Bad-Things
-2.02689748628,1.82917487995,-1.19132046318,1.18615183793,2.0,"Village,-The"
0.83599858059,0.335796277017,-1.12993276566,0.338182814221,0.0,Virtuosity
1.36563313986,-0.314371172673,-0.885130810377,0.910353824561,0.0,"Visitor,-The"
0.757888121619,0.190016471905,-0.419214857704,0.193798894953,0.0,Wag-the-Dog
0.411750921606,1.27489875719,-0.345460288021,-1.9169930768,1.0,"Walk-to-Remember,-A"
0.324288556686,-1.80119322091,0.149379547334,-0.469571574121,3.0,Walking-Ta
0.126790334679,0.154684165343,0.692691721896,-1.42614474989,1.0,Wall-E
-1.27988592674,0.208423402533,2.09012296486,-2.4561183541,1.0,Wall-Stree
-0.600187919588,0.449345879024,0.161008274714,-0.558795114182,1.0,Wall-Street-Money-Never-Sleeps
0.282348023841,1.3622055469,-1.06669385862,0.818068077301,2.0,Wanted
0.398471147401,-0.623437207319,-0.345414247376,-0.397206233372,0.0,War-Horse
0.372873708297,1.49150139056,-2.21763474721,0.418364366474,2.0,War-of-the-Worlds
-0.820393166158,0.57258142806,1.55363970675,0.453505738852,1.0,Warm-Springs
0.842947439976,0.155145072177,0.584183104082,-0.747033171256,3.0,Warrior
-0.118341571892,-1.00468719503,0.0490422034997,0.811011546381,0.0,Watchmen
-0.151833157638,1.82312687312,-2.0541876619,0.379663744409,2.0,Water-for-Elephants
0.978772522485,0.780871771507,-1.03155113028,1.20980455344,0.0,"Way-Back,-The"
-1.29345801627,-0.726991726143,0.722222635419,-1.11113230398,1.0,We-Own-the-Nig
-0.264738102754,0.855248933115,-0.949069974521,0.746213624874,2.0,What-About-Bob%3f
0.0840193081257,-1.22426249823,1.11218707793,0.0520871381011,3.0,What-Lies-Benea
0.198064675937,0.174928724362,-0.569224041926,0.664576961525,0.0,When-a-Stranger-Calls
0.0351277956234,-1.27812728924,0.594062197387,-1.79736922377,3.0,While-She-Was-Ou
0.302558194237,-0.478266206631,1.0606883852,-0.317475652548,3.0,"Whistleblower,-The"
-0.0896999645025,0.331442657079,1.22048884011,-0.324630302759,1.0,White-Christmas
0.474107991049,-0.750436252411,-0.345343034004,0.731661196713,0.0,White-Jazz
0.429332125698,-0.640044657971,0.0909529975451,1.51267548523,0.0,"White-Ribbon,-The"
-0.743320547294,0.252308144589,0.466880073306,-0.441848862594,1.0,White-Squa
0.768348974789,0.137635532605,-0.150492733048,-0.632703434783,0.0,Whiteou
1.31038356328,0.315931963941,-0.401846728032,0.310312674682,0.0,Who's-Your-Daddy
-0.24106357587,0.911737740888,-0.857775650994,0.589271014484,2.0,Who-Framed-Roger-Rabbit%3f
-1.15268126771,1.69365233424,-0.436901638299,0.428279304247,2.0,Wild-At-Hear
2.0655290441,0.277287333303,-0.875969486417,0.160940791373,0.0,"Wild-Bunch,-The"
0.453547561553,-0.328882600838,0.709207770322,-1.32111237785,3.0,Wild-Hogs
0.202589429391,-0.725360654333,-0.587306055541,-0.677813443675,0.0,Wild-Things-Diamonds-in-the-Roug
-1.20898538442,-0.35117982773,0.213469690553,-0.06852387745,1.0,Wild-Things
-0.378104620738,0.109951820786,-0.666374754288,1.72445734094,2.0,Wild-Wild-Wes
-0.580413559659,1.13122071329,-0.0333466143815,-0.338601310688,1.0,Willow
0.702510170089,0.734338629547,-0.809501478171,1.35374936773,0.0,Win-Win
-0.568636792263,-0.85045810458,0.100957060279,-0.615233210359,1.0,Wind-Chi
0.926440773282,-1.25135557066,0.276975987233,1.88080791107,0.0,Withnail-and-I
1.3234901655,-0.686326571264,1.71234768153,-1.97923548411,3.0,Witness
-0.0450285928083,1.29488074923,0.371016284412,-0.963229372029,1.0,"Wizard-of-Oz,-The"
-1.73463989877,0.84100667275,-0.201469574551,-0.796943554783,1.0,"Wolf-of-Wall-Street,-The"
-0.168048697629,-0.0724818929782,0.244566220626,0.197918702003,1.0,Wonder-Boys
-0.581325197629,0.272996213307,0.388353640346,-0.256292920792,1.0,"Woodsman,-The"
0.234936270594,-1.48958766378,0.144999341912,-0.148787509034,3.0,"World-is-not-Enough,-The"
0.0400547884864,0.66654911119,0.335786783145,-2.08255967582,1.0,"Wrestler,-The"
0.457925044208,-0.243189991719,0.273046651832,-0.507708003733,3.0,"X-Files-Fight-the-Future,-The"
-0.278759926597,0.692061892299,0.201739037247,0.448041345192,1.0,X-Men-Origins-Wolverine
0.294769831082,0.235993440782,0.834780348391,0.0487296164857,1.0,xXx
-0.629919337028,0.844934004181,0.758910858747,-0.533828394302,1.0,Year-One
1.79211709599,-0.152243234469,-1.17540483183,0.043419341593,0.0,Yes-Man
-0.37973764227,0.0562302131285,0.716508316594,0.848619274366,1.0,You-Can-Count-On-Me
0.446171782798,-0.603681105009,1.0206070305,-0.860485224315,3.0,Youth-in-Revo
0.374033411865,-0.0889350281211,0.272563697738,0.735511106331,0.0,Zero-Dark-Thirty
0.632150010807,-0.0418132665346,-0.993064487717,1.34861476665,0.0,Zerophilia
